MeterID,Zone,ConsumerType,Date,EnergyConsumed_kWh,PeakUsage_kWh,OutageMinutes,MeterStatus,TariffRate
M00001,East,Residential,2025-06-28,36.2,22.13,20,Active,7.05
M00002,West,Residential,2025-03-05,49.59,16.69,16,Active,6.65
M00003,Central,Commercial,2025-05-12,54.55,13.84,9,Active,8.14
M00004,West,Residential,2025-12-09,36.19,18.12,16,Active,6.13
M00005,West,Residential,2025-09-29,45.42,15.02,23,Active,6.58
M00006,South,Residential,2025-11-15,21.98,16.11,18,Active,6.15
M00007,Central,Residential,2025-11-28,24.63,8.67,17,Active,6.73
M00008,Central,Residential,2025-12-07,48.84,16.9,29,Active,6.5
M00009,Central,Residential,2025-04-19,36.94,9.83,21,Faulty,7.2
M00010,West,Residential,2025-09-30,34.74,14.41,23,Active,6.54
M00011,East,Commercial,2025-06-17,57.24,15.0,20,Active,8.8
M00012,Central,Commercial,2025-06-29,58.29,29.11,13,Active,9.05
M00013,West,Commercial,2025-02-27,51.92,26.11,26,Active,8.39
M00014,South,Residential,2025-03-20,24.16,6.68,21,Faulty,6.67
M00015,East,Residential,2025-03-02,36.79,13.61,16,Active,6.16
M00016,South,Residential,2025-05-01,45.28,30.16,13,Active,6.56
M00017,East,Residential,2025-07-26,45.95,22.11,19,Active,6.49
M00018,West,Residential,2025-02-03,32.02,14.96,20,Active,6.56
M00019,North,Commercial,2025-03-11,50.72,30.4,14,Faulty,8.14
M00020,East,Residential,2025-01-17,26.17,15.9,16,Active,6.52
M00021,South,Residential,2025-01-20,42.53,26.84,17,Active,7.13
M00022,West,Residential,2025-11-11,20.35,13.54,22,Active,7.22
M00023,East,Commercial,2025-03-10,61.83,22.64,19,Active,8.31
M00024,North,Residential,2025-08-03,22.37,6.33,26,Active,6.39
M00025,North,Commercial,2025-06-10,63.71,28.04,20,Faulty,8.01
M00026,Central,Residential,2025-04-12,42.77,28.98,23,Active,6.15
M00027,Central,Industrial,2025-07-25,98.55,28.48,19,Active,9.95
M00028,South,Industrial,2025-05-25,93.11,50.09,12,Active,10.39
M00029,East,Residential,2025-02-26,29.07,17.46,10,Active,6.38
M00030,East,Residential,2025-03-24,32.67,16.03,25,Active,6.1
M00031,Central,Residential,2025-09-26,24.36,9.2,19,Active,6.95
M00032,East,Residential,2025-07-06,33.68,13.92,19,Active,6.61
M00033,East,Commercial,2025-01-06,75.62,21.61,17,Active,8.67
M00034,North,Commercial,2025-12-19,90.46,35.85,16,Active,8.42
M00035,Central,Commercial,2025-12-16,54.03,14.71,17,Active,8.8
M00036,West,Commercial,2025-04-20,80.61,49.43,16,Active,9.16
M00037,Central,Residential,2025-05-18,41.27,28.85,18,Active,6.72
M00038,West,Residential,2025-02-20,48.71,27.61,19,Active,6.76
M00039,North,Commercial,2025-02-20,67.5,39.04,20,Active,8.49
M00040,South,Residential,2025-03-28,67.43,32.78,31,Faulty,6.11
M00041,East,Commercial,2025-03-09,50.01,16.4,13,Active,8.56
M00042,North,Residential,2025-03-25,33.08,8.4,19,Active,7.2
M00043,East,Residential,2025-02-11,25.27,10.66,16,Active,6.88
M00044,South,Industrial,2025-08-07,106.7,66.77,30,Active,10.14
M00045,South,Residential,2025-02-26,48.01,35.06,10,Active,6.81
M00046,North,Industrial,2025-08-14,101.22,47.12,24,Active,10.23
M00047,South,Industrial,2025-07-15,126.66,54.81,9,Active,10.69
M00048,West,Commercial,2025-09-05,74.5,35.24,16,Active,8.29
M00049,South,Commercial,2025-06-15,59.27,27.49,17,Active,9.16
M00050,East,Commercial,2025-03-03,48.44,27.27,16,Active,8.9
M00051,East,Industrial,2025-09-20,103.98,64.16,22,Active,9.67
M00052,East,Residential,2025-04-22,76.13,48.91,17,Active,6.48
M00053,East,Residential,2025-09-10,41.44,23.82,23,Active,6.57
M00054,West,Commercial,2025-07-18,67.59,31.69,8,Active,8.11
M00055,Central,Residential,2025-06-27,20.32,14.73,20,Active,6.72
M00056,North,Residential,2025-01-26,51.18,30.99,19,Active,6.34
M00057,East,Residential,2025-09-03,42.52,19.7,6,Active,6.6
M00058,South,Commercial,2025-01-19,56.9,26.93,21,Active,8.57
M00059,East,Industrial,2025-09-22,101.71,67.03,19,Active,10.18
M00060,South,Residential,2025-11-13,52.12,24.51,13,Active,7.1
M00061,South,Industrial,2025-01-20,105.91,53.82,15,Faulty,10.51
M00062,East,Commercial,2025-04-16,71.6,28.34,21,Active,9.13
M00063,West,Commercial,2025-08-25,80.0,53.56,19,Active,8.74
M00064,South,Commercial,2025-11-02,52.32,26.74,16,Active,8.8
M00065,South,Commercial,2025-09-03,58.13,30.59,16,Active,8.56
M00066,East,Residential,2025-03-22,26.22,18.1,21,Active,6.93
M00067,South,Commercial,2025-05-30,61.92,43.98,20,Active,8.27
M00068,South,Residential,2025-01-10,21.01,13.91,16,Active,6.62
M00069,East,Industrial,2025-11-17,110.82,31.33,19,Active,10.43
M00070,East,Industrial,2025-08-12,108.98,51.41,25,Active,10.51
M00071,North,Residential,2025-09-21,29.66,12.51,20,Active,6.32
M00072,West,Residential,2025-05-29,37.5,13.38,11,Faulty,6.24
M00073,West,Commercial,2025-10-05,60.53,42.64,15,Active,8.38
M00074,South,Residential,2025-10-01,27.53,19.13,28,Active,7.2
M00075,West,Industrial,2025-07-13,107.87,52.06,22,Active,9.67
M00076,South,Residential,2025-06-21,26.42,8.38,17,Faulty,7.24
M00077,North,Residential,2025-09-22,34.48,8.85,15,Active,7.29
M00078,East,Industrial,2025-11-06,93.18,43.72,18,Active,10.52
M00079,East,Commercial,2025-01-26,60.31,16.28,21,Active,8.99
M00080,East,Commercial,2025-12-16,58.08,32.22,19,Active,9.24
M00081,West,Residential,2025-12-22,47.16,26.14,13,Active,6.38
M00082,North,Commercial,2025-01-26,59.3,41.48,16,Active,8.17
M00083,West,Commercial,2025-02-03,50.09,17.28,18,Active,9.07
M00084,West,Commercial,2025-09-21,73.88,32.19,16,Active,8.22
M00085,North,Commercial,2025-05-18,53.24,36.19,22,Active,8.06
M00086,North,Commercial,2025-10-31,65.63,31.97,16,Active,8.26
M00087,North,Residential,2025-07-02,28.63,8.01,15,Faulty,6.57
M00088,North,Residential,2025-12-29,29.63,9.05,19,Active,6.64
M00089,East,Commercial,2025-08-30,53.54,35.16,13,Active,8.08
M00090,Central,Residential,2025-02-23,22.43,13.95,19,Faulty,6.58
M00091,Central,Commercial,2025-06-17,52.9,36.39,17,Active,8.79
M00092,North,Residential,2025-04-29,41.8,12.93,15,Active,7.21
M00093,Central,Commercial,2025-05-23,60.3,38.0,16,Active,8.3
M00094,Central,Commercial,2025-03-22,63.06,36.42,16,Active,8.27
M00095,North,Residential,2025-09-02,27.31,10.0,20,Active,6.51
M00096,Central,Residential,2025-12-18,28.85,21.26,15,Active,7.28
M00097,West,Residential,2025-12-24,27.89,14.93,16,Active,6.44
M00098,South,Commercial,2025-03-03,63.62,44.75,16,Active,8.06
M00099,South,Commercial,2025-02-15,67.44,45.83,23,Faulty,8.35
M00100,North,Residential,2025-03-28,27.23,11.34,13,Active,6.73
M00101,East,Commercial,2025-04-09,61.41,31.81,16,Active,8.54
M00102,North,Residential,2025-10-22,27.8,12.95,27,Active,7.01
M00103,East,Residential,2025-02-22,25.15,15.2,20,Active,6.79
M00104,South,Industrial,2025-07-11,138.66,75.43,15,Active,10.23
M00105,North,Residential,2025-03-21,25.45,16.35,17,Active,6.42
M00106,West,Residential,2025-01-16,33.5,8.57,14,Active,6.72
M00107,Central,Residential,2025-12-26,33.02,19.61,23,Active,6.8
M00108,East,Residential,2025-11-22,28.02,11.48,16,Active,6.23
M00109,Central,Residential,2025-07-13,26.63,9.64,12,Active,6.96
M00110,Central,Residential,2025-05-21,23.82,15.5,12,Active,6.51
M00111,North,Commercial,2025-04-18,67.45,19.87,22,Active,8.96
M00112,Central,Residential,2025-10-30,58.58,21.34,18,Active,6.23
M00113,West,Residential,2025-09-22,38.89,13.68,14,Active,6.85
M00114,Central,Residential,2025-10-17,56.56,26.01,15,Active,6.03
M00115,North,Residential,2025-07-28,37.32,15.34,12,Active,6.21
M00116,West,Commercial,2025-06-14,52.0,31.73,26,Faulty,9.16
M00117,South,Industrial,2025-12-08,105.34,63.17,16,Active,10.1
M00118,Central,Residential,2025-11-16,33.61,13.87,16,Active,6.66
M00119,North,Industrial,2025-06-01,104.11,48.77,24,Active,10.68
M00120,South,Commercial,2025-10-17,71.53,25.32,11,Active,8.63
M00121,South,Commercial,2025-09-25,68.5,40.1,18,Active,8.85
M00122,East,Residential,2025-05-31,34.92,15.65,17,Active,6.29
M00123,West,Residential,2025-07-26,69.2,21.9,17,Active,6.11
M00124,Central,Residential,2025-09-12,37.65,11.81,16,Active,6.46
M00125,North,Commercial,2025-12-19,47.49,19.53,17,Active,9.04
M00126,East,Residential,2025-05-21,25.26,15.75,17,Active,6.58
M00127,West,Industrial,2025-12-09,100.16,26.32,22,Active,9.72
M00128,East,Residential,2025-12-24,49.75,18.85,23,Active,6.71
M00129,West,Residential,2025-04-06,37.92,12.56,22,Active,6.34
M00130,West,Commercial,2025-08-15,68.04,49.55,18,Active,9.23
M00131,Central,Residential,2025-07-12,25.6,15.43,15,Active,6.75
M00132,West,Residential,2025-10-30,32.41,11.88,20,Active,7.28
M00133,East,Commercial,2025-11-10,57.74,20.42,19,Active,8.06
M00134,West,Industrial,2025-04-28,134.09,91.05,8,Active,9.52
M00135,Central,Commercial,2025-01-05,53.88,18.59,13,Active,8.62
M00136,Central,Commercial,2025-12-18,63.94,47.86,18,Active,9.12
M00137,East,Commercial,2025-08-31,50.65,19.81,15,Active,8.68
M00138,South,Industrial,2025-01-21,97.49,28.48,24,Active,10.64
M00139,South,Residential,2025-06-01,45.71,27.22,20,Active,6.17
M00140,West,Residential,2025-05-08,28.83,16.0,21,Active,6.91
M00141,North,Residential,2025-05-04,21.64,16.23,20,Active,6.86
M00142,West,Residential,2025-05-26,27.27,17.75,26,Active,6.71
M00143,East,Commercial,2025-10-04,65.65,30.49,22,Active,8.53
M00144,East,Commercial,2025-11-06,59.2,34.83,18,Active,8.84
M00145,East,Commercial,2025-06-01,51.56,33.97,26,Active,8.72
M00146,East,Residential,2025-12-26,30.66,15.54,20,Active,6.35
M00147,East,Commercial,2025-04-21,52.44,20.26,19,Active,8.14
M00148,Central,Residential,2025-04-26,23.19,8.23,11,Active,6.5
M00149,South,Commercial,2025-07-07,55.09,21.91,17,Active,8.67
M00150,East,Commercial,2025-02-26,53.59,36.12,17,Active,8.66
M00151,North,Residential,2025-09-08,25.37,11.17,19,Active,6.55
M00152,North,Residential,2025-05-30,28.57,11.24,18,Active,6.43
M00153,North,Residential,2025-06-11,35.27,23.03,16,Active,6.46
M00154,North,Commercial,2025-04-30,53.63,14.26,10,Active,8.35
M00155,Central,Industrial,2025-03-11,113.57,62.12,11,Active,10.25
M00156,North,Commercial,2025-12-17,51.29,35.23,15,Active,9.1
M00157,East,Residential,2025-04-09,21.36,9.72,22,Faulty,7.14
M00158,West,Residential,2025-06-16,34.54,13.29,21,Active,7.29
M00159,North,Commercial,2025-10-25,62.45,30.97,15,Active,8.12
M00160,Central,Commercial,2025-05-31,82.3,50.1,13,Active,8.28
M00161,Central,Residential,2025-11-22,86.61,44.02,23,Active,6.95
M00162,North,Residential,2025-01-02,21.58,5.48,16,Active,6.84
M00163,West,Commercial,2025-06-01,52.72,15.24,18,Active,8.17
M00164,North,Residential,2025-12-31,37.34,22.8,23,Active,6.82
M00165,Central,Residential,2025-03-06,20.86,9.39,24,Faulty,6.53
M00166,South,Residential,2025-11-22,39.73,25.52,28,Active,7.24
M00167,East,Residential,2025-03-10,56.54,32.5,9,Active,7.11
M00168,Central,Industrial,2025-05-01,98.8,53.43,25,Faulty,9.6
M00169,North,Industrial,2025-04-19,98.69,69.15,20,Active,9.62
M00170,East,Commercial,2025-11-12,58.71,15.3,16,Active,8.54
M00171,North,Residential,2025-09-04,33.27,10.9,18,Active,6.01
M00172,North,Residential,2025-04-03,39.47,22.19,15,Active,6.12
M00173,South,Residential,2025-09-25,21.91,6.2,27,Active,7.21
M00174,East,Residential,2025-04-13,45.62,26.12,13,Faulty,7.03
M00175,East,Commercial,2025-04-22,63.58,47.18,21,Active,8.87
M00176,South,Residential,2025-11-17,37.55,25.89,17,Active,7.08
M00177,Central,Residential,2025-10-31,29.35,16.01,18,Active,6.33
M00178,North,Residential,2025-12-10,30.87,21.52,16,Active,6.94
M00179,West,Residential,2025-03-03,34.52,10.64,23,Faulty,6.8
M00180,North,Residential,2025-10-27,25.04,11.95,21,Active,7.1
M00181,North,Residential,2025-05-16,18.59,8.63,22,Active,6.37
M00182,Central,Industrial,2025-02-24,100.36,41.97,15,Active,10.49
M00183,North,Residential,2025-04-18,21.24,5.31,21,Active,7.11
M00184,South,Residential,2025-10-30,24.28,16.89,20,Active,6.71
M00185,South,Industrial,2025-09-15,102.25,65.32,20,Active,10.04
M00186,East,Industrial,2025-09-10,111.01,63.99,23,Active,10.73
M00187,West,Commercial,2025-08-10,89.05,28.0,27,Active,8.22
M00188,North,Commercial,2025-06-16,71.46,31.38,17,Active,8.05
M00189,North,Residential,2025-06-09,26.13,18.61,16,Active,6.23
M00190,Central,Residential,2025-06-15,21.4,11.95,23,Active,6.89
M00191,South,Residential,2025-07-24,29.04,16.02,18,Active,7.03
M00192,West,Commercial,2025-09-24,74.99,52.99,24,Active,8.93
M00193,East,Commercial,2025-05-18,75.4,39.96,13,Active,8.55
M00194,South,Residential,2025-12-12,53.36,29.28,24,Active,7.26
M00195,East,Residential,2025-09-05,40.98,17.33,30,Active,6.58
M00196,Central,Commercial,2025-02-24,49.23,21.45,24,Active,9.28
M00197,Central,Residential,2025-07-28,29.25,17.34,21,Active,7.19
M00198,North,Commercial,2025-01-17,52.86,21.68,19,Active,8.53
M00199,West,Commercial,2025-03-09,62.97,33.35,21,Active,8.21
M00200,East,Commercial,2025-05-13,81.54,31.77,20,Active,8.12
M00201,South,Commercial,2025-07-07,80.3,26.74,16,Active,8.69
M00202,Central,Industrial,2025-11-04,93.85,44.79,22,Active,10.49
M00203,North,Residential,2025-05-18,36.37,13.05,21,Active,6.23
M00204,North,Commercial,2025-06-23,67.1,46.92,18,Active,8.41
M00205,East,Commercial,2025-04-07,57.34,23.04,18,Active,8.82
M00206,Central,Residential,2025-06-20,30.95,16.98,16,Active,6.6
M00207,West,Residential,2025-06-03,22.75,8.68,13,Active,6.79
M00208,Central,Residential,2025-07-02,36.64,13.89,19,Active,6.88
M00209,East,Residential,2025-08-30,29.36,12.49,20,Faulty,6.49
M00210,East,Commercial,2025-10-31,53.34,37.76,21,Active,9.02
M00211,Central,Commercial,2025-10-12,64.2,28.62,17,Active,8.91
M00212,East,Residential,2025-01-27,27.26,18.01,20,Active,6.89
M00213,Central,Residential,2025-12-26,37.92,13.22,16,Active,6.19
M00214,South,Industrial,2025-03-01,104.49,28.64,13,Active,10.12
M00215,Central,Residential,2025-07-21,25.02,16.03,19,Active,6.75
M00216,Central,Residential,2025-09-07,37.35,19.46,20,Faulty,6.29
M00217,East,Commercial,2025-12-28,80.98,40.64,17,Active,8.99
M00218,East,Residential,2025-03-10,44.18,17.06,20,Active,6.16
M00219,North,Residential,2025-01-21,31.87,9.12,18,Active,6.19
M00220,North,Residential,2025-06-01,30.7,15.09,14,Active,6.54
M00221,South,Residential,2025-04-12,31.94,21.83,17,Active,6.18
M00222,North,Commercial,2025-04-05,53.37,16.55,24,Active,8.02
M00223,Central,Residential,2025-12-27,42.84,30.61,17,Active,6.53
M00224,East,Residential,2025-08-17,30.14,11.68,19,Active,6.84
M00225,North,Commercial,2025-05-05,62.62,32.32,18,Active,8.64
M00226,North,Commercial,2025-09-15,82.99,23.51,22,Active,8.07
M00227,South,Residential,2025-11-18,32.82,15.18,20,Active,6.3
M00228,South,Residential,2025-08-24,36.23,11.34,15,Active,6.68
M00229,Central,Commercial,2025-06-11,67.32,18.44,21,Active,8.96
M00230,East,Residential,2025-02-11,39.73,29.13,17,Active,7.03
M00231,South,Residential,2025-10-03,34.53,21.24,16,Active,6.68
M00232,North,Commercial,2025-12-19,61.83,37.69,18,Active,8.84
M00233,East,Industrial,2025-03-09,97.44,28.77,16,Active,10.67
M00234,East,Commercial,2025-06-22,69.01,49.32,23,Active,8.08
M00235,North,Commercial,2025-11-27,59.34,28.76,18,Active,8.13
M00236,South,Commercial,2025-05-05,58.41,39.49,16,Active,8.6
M00237,North,Residential,2025-06-19,24.85,6.37,17,Active,6.79
M00238,East,Commercial,2025-02-16,52.59,20.99,19,Active,8.01
M00239,West,Residential,2025-09-18,37.61,28.13,20,Active,6.59
M00240,West,Residential,2025-08-05,58.15,26.98,9,Active,6.22
M00241,Central,Commercial,2025-11-01,48.43,33.62,11,Active,8.84
M00242,North,Commercial,2025-05-04,55.64,23.03,15,Active,8.35
M00243,North,Residential,2025-10-20,23.59,12.09,13,Active,7.17
M00244,Central,Industrial,2025-06-11,116.42,78.83,15,Active,9.58
M00245,Central,Residential,2025-07-20,23.51,13.0,17,Active,7.05
M00246,Central,Residential,2025-10-02,25.4,15.56,12,Active,6.51
M00247,East,Residential,2025-07-25,29.56,10.77,23,Active,7.11
M00248,North,Commercial,2025-02-09,87.89,28.82,21,Active,9.06
M00249,East,Commercial,2025-09-30,59.3,21.65,21,Active,8.31
M00250,Central,Residential,2025-07-07,35.35,17.55,13,Active,6.07
M00251,North,Commercial,2025-12-21,64.46,41.93,12,Active,8.9
M00252,East,Residential,2025-04-03,29.27,12.5,16,Active,6.27
M00253,East,Commercial,2025-02-11,47.38,25.23,18,Active,9.21
M00254,Central,Residential,2025-04-17,42.18,27.52,13,Active,6.09
M00255,North,Residential,2025-11-24,25.43,9.39,27,Active,6.42
M00256,Central,Industrial,2025-03-06,128.37,88.77,22,Active,9.52
M00257,North,Residential,2025-12-31,23.35,16.96,18,Active,6.41
M00258,West,Residential,2025-11-05,29.96,8.07,23,Active,6.7
M00259,South,Commercial,2025-05-15,58.12,16.25,15,Active,8.85
M00260,South,Industrial,2025-01-24,106.22,31.39,18,Faulty,10.44
M00261,South,Residential,2025-01-28,35.49,22.66,18,Active,7.08
M00262,Central,Residential,2025-03-03,30.02,10.35,21,Active,6.14
M00263,West,Residential,2025-09-30,28.1,17.22,18,Active,6.99
M00264,North,Residential,2025-08-17,23.97,11.28,22,Active,6.36
M00265,East,Residential,2025-01-20,44.18,29.52,24,Active,6.18
M00266,North,Commercial,2025-01-03,71.74,46.94,22,Active,8.35
M00267,East,Industrial,2025-08-06,99.68,72.75,22,Active,10.62
M00268,North,Residential,2025-11-03,39.65,14.89,19,Active,6.82
M00269,West,Residential,2025-05-16,54.98,20.05,22,Active,6.78
M00270,East,Residential,2025-01-03,30.11,8.0,18,Active,6.76
M00271,Central,Residential,2025-07-12,35.59,16.2,16,Active,6.53
M00272,North,Industrial,2025-03-14,96.98,46.5,15,Active,10.04
M00273,North,Residential,2025-12-27,20.3,14.86,15,Active,6.19
M00274,East,Residential,2025-04-28,47.51,31.61,19,Active,6.43
M00275,Central,Commercial,2025-06-03,47.03,15.68,27,Active,8.67
M00276,Central,Residential,2025-07-28,26.78,17.39,12,Active,6.79
M00277,West,Commercial,2025-02-03,57.35,19.45,21,Active,8.09
M00278,Central,Residential,2025-05-17,22.52,6.51,26,Active,6.43
M00279,Central,Commercial,2025-11-14,63.42,42.4,22,Active,8.44
M00280,Central,Industrial,2025-04-30,111.95,82.62,16,Active,10.17
M00281,South,Commercial,2025-04-25,62.99,18.52,12,Active,8.92
M00282,West,Industrial,2025-01-13,106.97,70.28,16,Active,10.33
M00283,North,Residential,2025-03-10,31.25,21.24,25,Active,6.74
M00284,East,Residential,2025-11-29,29.26,9.05,20,Active,6.38
M00285,North,Commercial,2025-09-14,74.41,29.14,19,Active,9.09
M00286,West,Commercial,2025-03-30,72.05,44.44,17,Active,9.02
M00287,East,Residential,2025-02-16,24.39,15.95,20,Active,6.24
M00288,West,Residential,2025-09-17,27.35,11.68,16,Active,6.85
M00289,Central,Residential,2025-08-16,41.85,13.81,18,Active,7.18
M00290,East,Residential,2025-06-29,37.28,21.41,15,Active,6.57
M00291,Central,Residential,2025-01-10,31.58,18.98,21,Active,7.2
M00292,North,Commercial,2025-10-11,50.08,25.13,21,Faulty,8.03
M00293,North,Residential,2025-05-06,33.35,10.75,23,Active,6.67
M00294,East,Residential,2025-05-14,27.41,18.43,26,Active,6.33
M00295,East,Commercial,2025-06-04,47.75,27.34,18,Active,8.34
M00296,West,Commercial,2025-09-05,100.18,68.58,16,Faulty,9.14
M00297,West,Industrial,2025-05-20,91.47,65.54,16,Active,9.9
M00298,Central,Commercial,2025-11-14,51.14,33.39,20,Active,8.03
M00299,East,Residential,2025-06-25,47.84,34.89,14,Active,6.7
M00300,North,Commercial,2025-11-19,80.67,58.66,25,Active,9.26
M00301,West,Residential,2025-06-23,35.24,19.72,19,Active,6.1
M00302,West,Residential,2025-03-15,34.36,21.1,16,Active,6.37
M00303,North,Commercial,2025-12-17,54.01,32.39,23,Active,8.61
M00304,West,Industrial,2025-05-23,111.39,62.44,24,Faulty,10.58
M00305,Central,Residential,2025-10-19,43.03,11.17,23,Active,6.35
M00306,East,Residential,2025-04-22,57.21,24.48,21,Active,6.45
M00307,North,Residential,2025-07-25,22.35,6.71,9,Active,6.5
M00308,East,Residential,2025-05-11,27.95,11.18,17,Active,6.49
M00309,West,Residential,2025-04-20,23.89,6.79,18,Active,6.26
M00310,West,Commercial,2025-03-08,57.78,41.02,24,Active,9.19
M00311,North,Residential,2025-03-27,39.68,18.87,25,Active,7.03
M00312,Central,Industrial,2025-10-02,106.39,36.67,12,Active,10.77
M00313,South,Commercial,2025-08-15,59.63,32.34,22,Active,8.48
M00314,North,Commercial,2025-11-21,49.94,17.39,13,Faulty,8.06
M00315,South,Commercial,2025-01-10,48.18,31.42,26,Active,8.15
M00316,South,Residential,2025-12-21,38.65,15.57,11,Active,6.46
M00317,Central,Residential,2025-10-15,26.75,10.9,22,Active,7.18
M00318,South,Commercial,2025-04-22,56.91,38.98,25,Active,9.28
M00319,South,Commercial,2025-01-24,54.16,28.68,10,Active,9.07
M00320,Central,Commercial,2025-10-18,48.85,33.88,20,Faulty,8.31
M00321,South,Residential,2025-12-05,35.5,16.2,19,Active,6.86
M00322,South,Industrial,2025-11-22,109.67,46.28,13,Faulty,10.28
M00323,South,Residential,2025-06-17,47.28,23.79,19,Faulty,7.07
M00324,North,Industrial,2025-04-19,99.22,27.86,15,Active,10.16
M00325,North,Industrial,2025-07-09,99.39,32.51,22,Active,9.91
M00326,North,Residential,2025-12-21,24.19,8.7,20,Active,6.03
M00327,Central,Commercial,2025-07-15,70.25,46.25,20,Faulty,9.03
M00328,West,Residential,2025-02-02,39.46,24.34,12,Active,6.69
M00329,South,Residential,2025-07-24,21.13,7.32,16,Faulty,6.69
M00330,South,Residential,2025-11-08,36.68,14.25,18,Active,7.24
M00331,Central,Commercial,2025-07-01,75.06,54.2,22,Active,8.63
M00332,South,Industrial,2025-05-27,101.71,29.79,22,Active,9.91
M00333,North,Commercial,2025-09-25,49.3,25.82,14,Active,8.44
M00334,West,Residential,2025-01-11,54.93,28.07,19,Faulty,6.02
M00335,East,Commercial,2025-03-11,53.4,32.73,24,Active,8.16
M00336,South,Industrial,2025-09-13,93.13,35.46,15,Faulty,9.56
M00337,North,Residential,2025-08-07,24.15,17.32,25,Active,6.32
M00338,East,Industrial,2025-10-24,101.32,46.13,20,Faulty,9.58
M00339,West,Residential,2025-12-28,27.27,10.71,20,Active,6.43
M00340,East,Commercial,2025-09-16,59.66,24.96,14,Active,8.16
M00341,North,Residential,2025-01-03,35.0,14.85,16,Active,7.19
M00342,East,Residential,2025-03-25,32.03,11.19,21,Active,7.22
M00343,Central,Residential,2025-06-05,28.45,20.31,22,Active,6.78
M00344,East,Commercial,2025-05-31,51.52,17.38,21,Active,9.05
M00345,South,Residential,2025-06-25,25.55,17.67,19,Faulty,6.88
M00346,South,Residential,2025-07-14,36.54,16.53,21,Active,7.05
M00347,Central,Commercial,2025-04-17,60.23,23.17,20,Active,8.83
M00348,North,Industrial,2025-05-14,120.8,42.19,27,Active,10.06
M00349,South,Residential,2025-10-03,30.27,15.2,14,Active,7.14
M00350,West,Residential,2025-12-18,28.3,16.55,19,Active,6.57
M00351,South,Residential,2025-06-04,24.11,16.86,13,Active,6.52
M00352,South,Residential,2025-10-04,40.6,23.39,17,Active,6.81
M00353,North,Commercial,2025-08-24,67.25,33.08,15,Faulty,9.22
M00354,East,Commercial,2025-08-28,84.79,22.62,17,Active,8.57
M00355,South,Commercial,2025-01-13,64.94,45.96,23,Active,8.75
M00356,Central,Residential,2025-12-08,38.61,27.07,20,Active,6.64
M00357,East,Commercial,2025-02-04,75.29,33.08,20,Active,9.18
M00358,West,Commercial,2025-02-16,57.65,15.25,19,Active,8.88
M00359,North,Commercial,2025-08-02,69.75,43.01,22,Active,8.55
M00360,West,Commercial,2025-05-26,92.02,59.43,17,Faulty,8.79
M00361,East,Commercial,2025-06-08,72.11,37.59,18,Active,8.2
M00362,East,Commercial,2025-05-05,52.95,23.9,18,Faulty,8.44
M00363,East,Residential,2025-04-20,25.32,17.11,20,Active,6.96
M00364,West,Industrial,2025-02-06,101.07,35.0,21,Active,10.23
M00365,East,Residential,2025-10-04,32.62,15.32,19,Active,6.41
M00366,West,Commercial,2025-01-14,55.09,14.45,19,Active,8.47
M00367,East,Residential,2025-12-13,36.75,12.2,20,Active,7.05
M00368,Central,Commercial,2025-08-20,51.25,36.92,14,Active,8.7
M00369,East,Commercial,2025-11-12,58.01,31.27,17,Active,8.31
M00370,West,Residential,2025-05-04,23.58,15.39,23,Active,6.39
M00371,South,Residential,2025-10-06,46.04,22.71,10,Faulty,6.61
M00372,East,Commercial,2025-04-21,49.66,33.14,13,Active,8.99
M00373,South,Commercial,2025-05-04,50.41,26.19,19,Active,9.3
M00374,Central,Residential,2025-01-30,47.08,11.88,27,Active,6.24
M00375,North,Residential,2025-04-25,38.62,27.03,19,Active,6.98
M00376,Central,Commercial,2025-03-31,56.67,18.38,16,Faulty,8.8
M00377,East,Residential,2025-07-31,34.13,16.22,21,Active,6.69
M00378,South,Residential,2025-02-07,30.56,14.92,16,Faulty,7.26
M00379,South,Residential,2025-03-24,39.07,10.69,13,Faulty,6.42
M00380,West,Residential,2025-01-27,20.67,5.72,10,Active,6.23
M00381,South,Residential,2025-08-05,38.83,24.51,28,Active,7.14
M00382,West,Residential,2025-12-26,27.14,10.86,13,Active,6.09
M00383,North,Residential,2025-08-03,66.06,30.05,23,Active,7.06
M00384,East,Residential,2025-08-09,23.78,12.65,15,Active,6.77
M00385,West,Residential,2025-01-15,42.38,18.51,17,Active,6.21
M00386,North,Residential,2025-09-16,31.63,20.16,20,Active,6.3
M00387,South,Residential,2025-09-23,21.55,14.92,20,Active,6.2
M00388,South,Commercial,2025-04-30,78.64,22.01,15,Active,8.93
M00389,North,Residential,2025-05-08,43.75,24.84,17,Active,6.19
M00390,South,Residential,2025-07-30,46.68,19.08,26,Active,6.89
M00391,North,Residential,2025-01-11,76.66,41.52,12,Active,6.17
M00392,West,Residential,2025-06-25,28.93,14.23,15,Active,7.04
M00393,West,Commercial,2025-05-13,66.66,27.79,12,Active,9.2
M00394,North,Commercial,2025-11-21,64.42,19.16,25,Active,8.73
M00395,West,Industrial,2025-11-16,91.84,48.65,17,Faulty,10.76
M00396,West,Commercial,2025-01-14,58.91,18.05,24,Active,8.51
M00397,West,Industrial,2025-02-19,118.89,39.0,13,Active,9.82
M00398,Central,Residential,2025-03-13,52.13,38.63,13,Active,6.23
M00399,East,Residential,2025-03-10,50.41,20.59,17,Active,6.62
M00400,South,Residential,2025-01-16,19.61,10.63,17,Active,6.17
M00401,Central,Residential,2025-11-30,56.44,21.79,12,Active,7.14
M00402,West,Residential,2025-12-23,36.29,24.78,17,Active,7.02
M00403,North,Commercial,2025-02-25,48.39,18.95,17,Active,8.73
M00404,West,Residential,2025-04-15,26.91,11.66,22,Active,6.94
M00405,East,Industrial,2025-05-12,147.42,81.7,21,Active,9.56
M00406,West,Commercial,2025-02-17,49.06,33.61,14,Active,8.26
M00407,North,Residential,2025-09-05,30.03,19.76,23,Faulty,6.81
M00408,East,Residential,2025-09-30,43.12,16.47,13,Active,6.62
M00409,West,Residential,2025-04-21,41.68,27.71,17,Active,6.79
M00410,East,Residential,2025-11-22,46.41,27.87,24,Active,6.12
M00411,South,Residential,2025-12-02,33.9,25.25,23,Active,6.85
M00412,South,Residential,2025-12-15,62.0,44.5,14,Faulty,7.04
M00413,West,Residential,2025-02-07,23.69,12.24,19,Active,6.71
M00414,East,Residential,2025-12-23,24.55,15.34,21,Active,6.46
M00415,North,Industrial,2025-08-28,97.75,52.31,10,Active,9.73
M00416,West,Commercial,2025-11-14,82.86,45.37,16,Faulty,8.34
M00417,South,Industrial,2025-05-01,113.08,34.01,13,Active,10.18
M00418,South,Residential,2025-02-17,24.36,6.12,30,Active,6.33
M00419,West,Residential,2025-01-10,30.1,8.25,19,Active,7.01
M00420,East,Commercial,2025-08-21,66.07,48.45,13,Faulty,8.17
M00421,South,Residential,2025-02-05,31.03,9.72,17,Active,6.67
M00422,East,Residential,2025-01-04,56.04,15.25,24,Active,6.64
M00423,South,Commercial,2025-02-13,53.57,21.69,18,Active,8.18
M00424,South,Commercial,2025-02-25,76.3,41.51,21,Active,9.29
M00425,Central,Residential,2025-02-11,38.47,27.86,12,Active,7.07
M00426,South,Residential,2025-09-12,32.48,19.49,16,Active,6.5
M00427,North,Residential,2025-08-16,21.06,8.17,14,Active,6.89
M00428,West,Residential,2025-04-24,37.58,27.04,22,Active,6.93
M00429,West,Residential,2025-08-25,63.06,16.9,13,Active,6.85
M00430,East,Residential,2025-06-23,29.19,21.59,18,Active,6.56
M00431,South,Residential,2025-09-12,33.77,9.43,17,Active,7.15
M00432,North,Industrial,2025-10-04,95.66,59.97,17,Active,10.5
M00433,East,Commercial,2025-12-01,49.66,13.54,20,Active,8.7
M00434,Central,Commercial,2025-03-10,58.73,42.04,18,Active,8.0
M00435,East,Residential,2025-11-22,30.33,9.23,16,Active,6.29
M00436,East,Residential,2025-08-18,33.79,9.3,20,Active,6.66
M00437,South,Residential,2025-03-08,22.66,15.74,14,Active,7.17
M00438,Central,Residential,2025-10-31,36.58,10.9,18,Active,6.82
M00439,East,Residential,2025-02-05,24.82,16.11,21,Active,6.54
M00440,North,Commercial,2025-06-08,62.14,38.75,18,Active,8.06
M00441,North,Commercial,2025-05-29,59.76,32.83,20,Active,8.78
M00442,West,Residential,2025-01-27,21.29,9.35,20,Active,6.46
M00443,Central,Residential,2025-03-13,51.57,36.5,17,Active,6.7
M00444,Central,Industrial,2025-09-05,120.27,82.45,17,Active,10.5
M00445,West,Residential,2025-04-11,53.15,24.62,21,Active,7.04
M00446,East,Residential,2025-07-09,28.49,10.42,26,Active,7.12
M00447,Central,Residential,2025-04-06,24.3,9.39,23,Active,6.83
M00448,North,Commercial,2025-10-09,70.74,25.48,23,Faulty,9.18
M00449,North,Industrial,2025-11-18,114.67,59.7,17,Active,10.4
M00450,South,Residential,2025-10-05,67.71,46.33,20,Active,7.02
M00451,Central,Industrial,2025-01-17,95.73,60.96,21,Active,10.39
M00452,East,Commercial,2025-09-20,76.71,49.69,23,Active,9.13
M00453,West,Residential,2025-04-17,28.53,13.53,27,Faulty,6.29
M00454,West,Residential,2025-03-09,28.91,11.89,16,Active,6.99
M00455,East,Residential,2025-05-08,50.59,31.8,16,Active,6.15
M00456,South,Industrial,2025-10-20,119.34,77.17,27,Active,9.62
M00457,West,Residential,2025-10-21,31.18,18.64,19,Active,6.64
M00458,Central,Commercial,2025-04-06,55.93,14.88,13,Active,8.39
M00459,South,Residential,2025-01-01,29.89,16.29,16,Active,6.73
M00460,Central,Commercial,2025-10-25,73.73,31.23,10,Faulty,8.88
M00461,North,Residential,2025-06-29,43.11,15.01,19,Active,6.29
M00462,South,Commercial,2025-06-30,63.77,38.08,20,Active,8.91
M00463,West,Commercial,2025-08-23,52.83,20.3,13,Active,9.29
M00464,South,Commercial,2025-11-15,56.79,40.12,17,Active,8.99
M00465,South,Industrial,2025-12-03,108.31,43.22,20,Active,9.73
M00466,South,Residential,2025-01-08,24.14,12.74,20,Active,6.82
M00467,South,Commercial,2025-01-27,82.16,54.54,15,Active,8.01
M00468,Central,Residential,2025-11-04,20.7,9.34,16,Active,6.61
M00469,North,Residential,2025-05-26,53.28,35.4,10,Active,6.69
M00470,East,Residential,2025-04-01,32.18,19.69,19,Active,7.26
M00471,South,Residential,2025-12-08,56.85,40.39,20,Active,6.96
M00472,West,Residential,2025-09-29,26.27,10.85,16,Active,6.92
M00473,South,Industrial,2025-11-18,124.03,37.52,22,Active,10.19
M00474,West,Residential,2025-01-05,51.71,24.05,18,Active,6.67
M00475,Central,Commercial,2025-03-23,71.12,45.72,17,Active,9.29
M00476,West,Residential,2025-08-07,36.47,17.33,21,Active,6.03
M00477,East,Residential,2025-04-28,32.17,12.26,16,Faulty,6.39
M00478,North,Residential,2025-03-22,35.67,9.41,18,Active,6.17
M00479,West,Industrial,2025-03-11,117.54,47.78,20,Active,9.91
M00480,West,Industrial,2025-04-25,130.23,79.01,12,Active,10.1
M00481,North,Industrial,2025-09-20,118.21,38.28,14,Active,9.94
M00482,East,Industrial,2025-11-02,137.46,57.79,15,Faulty,10.75
M00483,South,Residential,2025-05-22,41.02,10.67,21,Active,6.88
M00484,West,Residential,2025-07-26,25.88,15.81,10,Faulty,6.95
M00485,North,Commercial,2025-04-21,52.7,36.38,12,Active,8.96
M00486,Central,Residential,2025-10-30,23.98,12.81,10,Active,7.17
M00487,North,Residential,2025-04-22,22.41,5.89,20,Active,7.0
M00488,Central,Residential,2025-02-12,26.57,9.53,17,Active,6.02
M00489,East,Commercial,2025-12-13,63.13,29.62,20,Active,8.34
M00490,South,Commercial,2025-10-12,75.31,40.95,23,Active,9.29
M00491,North,Residential,2025-05-08,46.83,23.33,19,Active,6.85
M00492,West,Residential,2025-07-04,58.08,41.12,27,Active,6.09
M00493,East,Commercial,2025-08-17,82.77,59.54,13,Active,8.61
M00494,North,Commercial,2025-08-09,61.03,18.53,12,Active,9.28
M00495,West,Residential,2025-12-18,45.29,14.46,18,Active,7.29
M00496,North,Commercial,2025-04-27,52.37,22.47,15,Active,8.56
M00497,Central,Residential,2025-03-11,26.31,12.12,11,Faulty,7.16
M00498,North,Residential,2025-03-11,28.28,15.36,20,Active,6.77
M00499,North,Commercial,2025-04-20,45.25,28.81,18,Active,8.66
M00500,North,Commercial,2025-05-12,49.44,15.72,16,Active,8.54
M00501,East,Residential,2025-02-25,23.21,15.12,17,Active,7.16
M00502,North,Commercial,2025-03-30,56.1,31.14,25,Active,8.81
M00503,West,Commercial,2025-05-17,68.48,50.71,11,Active,8.43
M00504,Central,Commercial,2025-05-11,87.4,50.31,18,Active,8.64
M00505,Central,Commercial,2025-08-06,65.21,39.65,19,Active,8.58
M00506,North,Commercial,2025-06-25,55.96,19.45,26,Active,8.59
M00507,East,Residential,2025-06-20,39.18,24.86,24,Active,6.41
M00508,East,Residential,2025-04-10,33.99,9.84,23,Active,6.82
M00509,West,Residential,2025-05-09,21.93,12.68,21,Faulty,6.07
M00510,North,Residential,2025-02-26,34.28,9.52,16,Active,7.15
M00511,Central,Commercial,2025-06-30,57.75,17.76,17,Active,8.54
M00512,East,Residential,2025-09-03,38.86,11.81,26,Active,7.04
M00513,North,Residential,2025-05-24,51.13,14.12,19,Faulty,6.95
M00514,East,Residential,2025-02-20,65.17,26.76,16,Active,6.61
M00515,East,Residential,2025-08-06,31.09,23.23,21,Active,6.26
M00516,Central,Residential,2025-04-14,24.0,10.18,18,Active,6.73
M00517,South,Commercial,2025-02-24,51.5,32.46,9,Active,9.23
M00518,West,Residential,2025-09-14,23.21,7.34,14,Active,6.24
M00519,West,Commercial,2025-12-12,51.55,24.6,17,Active,8.33
M00520,Central,Industrial,2025-06-05,154.01,52.76,13,Active,10.79
M00521,East,Residential,2025-02-22,23.78,8.23,15,Active,7.16
M00522,North,Residential,2025-11-25,21.4,6.42,14,Active,6.71
M00523,East,Residential,2025-07-06,30.81,14.36,16,Active,6.9
M00524,Central,Commercial,2025-12-30,74.94,21.57,15,Active,8.58
M00525,West,Commercial,2025-05-30,66.46,46.85,19,Active,8.53
M00526,East,Residential,2025-09-21,29.74,14.1,14,Active,6.58
M00527,West,Residential,2025-09-07,29.73,19.9,13,Active,6.54
M00528,North,Industrial,2025-10-25,113.38,83.87,13,Active,10.38
M00529,West,Residential,2025-07-30,24.16,14.23,17,Active,6.43
M00530,West,Residential,2025-01-25,26.75,18.75,21,Active,6.22
M00531,South,Industrial,2025-10-21,102.01,32.41,18,Active,10.42
M00532,South,Commercial,2025-12-07,74.24,49.37,16,Active,8.04
M00533,South,Industrial,2025-06-01,94.25,36.34,17,Active,10.43
M00534,West,Commercial,2025-01-24,55.83,27.15,21,Active,8.34
M00535,Central,Commercial,2025-09-09,48.42,27.76,22,Active,8.25
M00536,West,Residential,2025-03-01,37.38,26.23,23,Faulty,6.49
M00537,Central,Commercial,2025-03-07,51.06,36.02,17,Active,8.15
M00538,Central,Industrial,2025-02-22,102.65,30.39,18,Active,10.0
M00539,South,Commercial,2025-04-16,76.33,33.0,20,Active,8.13
M00540,East,Residential,2025-04-06,40.95,26.48,13,Active,6.63
M00541,North,Residential,2025-06-25,34.92,21.01,14,Active,6.23
M00542,South,Residential,2025-02-08,39.83,10.48,15,Active,6.17
M00543,South,Residential,2025-06-17,43.44,20.63,19,Active,6.75
M00544,East,Residential,2025-02-11,20.65,13.72,14,Active,6.81
M00545,North,Commercial,2025-04-14,52.44,32.45,20,Active,8.01
M00546,West,Commercial,2025-11-29,55.66,25.38,24,Active,8.5
M00547,West,Residential,2025-07-23,32.81,20.26,12,Active,6.1
M00548,South,Commercial,2025-01-08,51.95,27.31,14,Active,8.96
M00549,North,Residential,2025-10-09,22.06,15.58,15,Active,6.89
M00550,South,Residential,2025-02-12,25.62,13.93,18,Active,6.06
M00551,Central,Residential,2025-04-20,41.26,18.58,18,Active,7.22
M00552,South,Residential,2025-07-29,19.2,13.08,18,Faulty,7.25
M00553,South,Residential,2025-08-25,25.79,7.09,11,Active,6.44
M00554,West,Residential,2025-12-22,25.25,17.68,20,Active,6.17
M00555,West,Residential,2025-11-15,24.58,14.7,14,Faulty,6.15
M00556,West,Commercial,2025-02-18,68.37,49.25,16,Active,9.09
M00557,Central,Residential,2025-04-25,25.36,9.52,25,Active,6.6
M00558,West,Commercial,2025-06-04,51.23,30.61,17,Active,8.01
M00559,North,Commercial,2025-05-17,66.44,43.5,15,Active,9.2
M00560,East,Commercial,2025-06-16,67.34,40.47,15,Active,8.77
M00561,North,Industrial,2025-11-17,108.29,38.46,17,Active,10.4
M00562,North,Residential,2025-07-18,24.79,9.61,16,Active,7.07
M00563,West,Residential,2025-03-12,48.32,25.77,20,Active,7.06
M00564,East,Industrial,2025-01-07,108.4,51.31,19,Active,9.6
M00565,East,Residential,2025-07-19,21.12,13.04,13,Active,6.75
M00566,East,Commercial,2025-12-02,82.1,36.07,15,Active,8.91
M00567,Central,Commercial,2025-03-08,74.64,50.74,21,Active,8.11
M00568,West,Commercial,2025-05-18,50.66,23.61,18,Active,8.29
M00569,East,Industrial,2025-08-30,103.09,27.84,19,Active,10.01
M00570,Central,Industrial,2025-08-01,106.61,27.58,19,Active,10.65
M00571,South,Commercial,2025-06-30,56.37,32.32,15,Active,9.11
M00572,South,Residential,2025-09-11,48.26,25.11,15,Active,7.02
M00573,Central,Industrial,2025-04-11,95.6,49.84,19,Active,10.79
M00574,Central,Residential,2025-12-17,34.28,22.11,17,Active,6.32
M00575,West,Residential,2025-03-28,88.65,38.82,15,Active,6.61
M00576,West,Industrial,2025-07-04,115.42,86.3,13,Faulty,10.08
M00577,South,Residential,2025-04-01,25.9,18.72,16,Active,6.88
M00578,East,Residential,2025-09-05,42.18,10.82,31,Active,7.11
M00579,South,Residential,2025-08-02,32.43,22.63,17,Active,6.64
M00580,East,Industrial,2025-12-25,107.01,63.17,20,Active,10.14
M00581,East,Residential,2025-09-06,35.46,17.77,18,Active,6.79
M00582,West,Commercial,2025-05-06,57.39,31.07,22,Active,8.97
M00583,North,Residential,2025-01-04,29.07,19.5,17,Active,6.26
M00584,North,Commercial,2025-03-29,49.67,36.04,32,Active,9.25
M00585,Central,Commercial,2025-05-31,53.65,28.44,22,Active,8.12
M00586,West,Residential,2025-06-25,25.03,8.53,14,Active,6.03
M00587,East,Residential,2025-07-30,40.22,22.92,21,Active,6.47
M00588,North,Residential,2025-09-16,42.29,12.18,16,Active,6.91
M00589,East,Industrial,2025-04-01,97.7,55.45,18,Active,10.77
M00590,North,Commercial,2025-09-16,50.36,32.95,20,Active,9.21
M00591,North,Industrial,2025-07-10,114.16,48.71,13,Active,10.4
M00592,North,Residential,2025-03-22,20.53,5.86,19,Faulty,6.57
M00593,West,Commercial,2025-05-18,48.59,28.97,24,Active,8.77
M00594,South,Commercial,2025-12-16,61.72,25.9,12,Active,9.26
M00595,East,Commercial,2025-05-06,52.08,19.51,18,Active,8.35
M00596,West,Industrial,2025-12-22,96.63,57.46,6,Active,10.12
M00597,West,Residential,2025-11-05,69.72,51.23,18,Active,6.9
M00598,West,Residential,2025-12-09,33.97,21.15,24,Active,6.01
M00599,West,Commercial,2025-08-18,58.41,28.95,21,Active,8.5
M00600,West,Commercial,2025-12-11,50.5,27.79,18,Active,8.74
M00601,Central,Commercial,2025-11-06,48.39,15.54,18,Active,9.17
M00602,East,Residential,2025-01-20,29.09,19.1,17,Faulty,7.29
M00603,West,Residential,2025-02-18,35.91,19.83,19,Active,6.72
M00604,East,Residential,2025-05-15,37.6,27.56,13,Active,7.23
M00605,Central,Residential,2025-01-29,26.23,19.4,18,Active,6.13
M00606,Central,Commercial,2025-02-17,48.93,20.91,11,Active,8.91
M00607,East,Commercial,2025-09-26,89.45,66.58,21,Faulty,8.52
M00608,North,Residential,2025-01-03,34.88,25.41,25,Active,6.98
M00609,South,Residential,2025-09-15,67.49,38.46,20,Active,7.13
M00610,North,Residential,2025-01-16,87.52,36.47,17,Active,6.07
M00611,North,Residential,2025-04-04,41.24,25.84,19,Active,7.22
M00612,North,Commercial,2025-12-24,86.46,33.34,22,Active,8.09
M00613,West,Industrial,2025-05-14,105.62,59.67,14,Active,10.48
M00614,Central,Residential,2025-10-28,24.56,6.44,19,Active,6.09
M00615,North,Commercial,2025-11-23,67.8,38.26,22,Active,9.12
M00616,Central,Industrial,2025-05-13,103.12,74.84,23,Active,9.77
M00617,East,Commercial,2025-11-08,77.98,28.66,12,Active,8.56
M00618,South,Residential,2025-02-01,25.86,16.53,28,Active,7.21
M00619,East,Industrial,2025-11-01,105.21,41.74,20,Faulty,10.53
M00620,East,Residential,2025-09-26,32.08,19.37,22,Faulty,7.02
M00621,West,Residential,2025-01-25,42.73,25.64,18,Active,6.99
M00622,South,Residential,2025-11-12,29.13,9.97,20,Active,6.74
M00623,East,Residential,2025-02-28,38.42,21.08,16,Active,7.24
M00624,East,Residential,2025-08-01,30.55,20.76,16,Active,7.08
M00625,South,Residential,2025-06-05,31.37,13.84,19,Active,6.57
M00626,South,Residential,2025-11-10,38.63,23.38,25,Active,6.97
M00627,East,Commercial,2025-10-03,50.96,29.92,26,Active,9.3
M00628,South,Industrial,2025-07-29,99.76,37.78,21,Active,10.63
M00629,East,Residential,2025-02-26,29.05,20.61,22,Active,6.0
M00630,East,Industrial,2025-07-04,107.2,57.0,21,Active,10.46
M00631,West,Industrial,2025-02-23,95.4,40.8,13,Active,10.67
M00632,North,Commercial,2025-07-28,49.19,16.34,16,Faulty,8.43
M00633,East,Residential,2025-12-08,22.43,10.92,18,Faulty,7.27
M00634,Central,Commercial,2025-10-20,97.58,60.02,16,Active,8.52
M00635,North,Industrial,2025-12-06,121.09,68.03,22,Active,10.05
M00636,North,Commercial,2025-10-31,76.14,46.71,18,Active,8.21
M00637,North,Residential,2025-09-09,50.61,32.69,14,Active,6.13
M00638,West,Residential,2025-10-31,25.73,12.11,20,Active,6.7
M00639,East,Commercial,2025-04-22,84.52,43.11,17,Faulty,8.78
M00640,West,Residential,2025-01-06,21.7,16.13,12,Faulty,6.48
M00641,East,Residential,2025-07-10,30.68,22.52,21,Active,6.79
M00642,West,Residential,2025-11-30,25.48,11.65,15,Active,6.51
M00643,West,Commercial,2025-10-06,90.98,53.91,17,Active,9.13
M00644,Central,Industrial,2025-12-06,110.97,42.59,29,Active,10.74
M00645,West,Residential,2025-01-13,37.42,12.21,13,Faulty,6.77
M00646,South,Industrial,2025-10-30,97.35,61.74,22,Active,10.59
M00647,Central,Residential,2025-02-13,26.91,12.6,12,Active,7.11
M00648,West,Commercial,2025-04-15,52.55,17.79,17,Active,8.93
M00649,North,Commercial,2025-06-09,60.48,38.07,25,Active,8.25
M00650,South,Commercial,2025-06-03,55.6,39.34,15,Active,8.2
M00651,South,Industrial,2025-08-30,105.0,75.25,16,Active,10.7
M00652,South,Residential,2025-06-30,44.9,24.61,15,Faulty,6.34
M00653,Central,Industrial,2025-01-14,116.44,57.03,23,Active,9.82
M00654,West,Residential,2025-06-29,41.13,13.2,10,Active,6.22
M00655,West,Commercial,2025-10-19,71.88,46.46,14,Active,8.69
M00656,North,Commercial,2025-09-21,75.18,54.33,20,Active,8.88
M00657,North,Commercial,2025-06-17,89.3,62.04,16,Active,8.88
M00658,South,Residential,2025-08-02,60.97,38.16,20,Active,6.34
M00659,North,Industrial,2025-05-30,113.82,28.72,16,Active,9.62
M00660,Central,Residential,2025-01-16,61.56,27.94,15,Faulty,6.4
M00661,West,Residential,2025-04-01,28.31,12.89,18,Active,6.65
M00662,South,Commercial,2025-04-30,127.04,88.57,22,Active,8.8
M00663,North,Residential,2025-09-10,75.18,21.26,25,Active,6.35
M00664,Central,Commercial,2025-03-01,52.79,27.22,8,Active,8.24
M00665,Central,Residential,2025-09-23,25.83,8.22,18,Active,7.09
M00666,North,Residential,2025-01-31,20.76,12.06,11,Active,7.12
M00667,West,Commercial,2025-01-21,46.65,30.14,19,Active,8.36
M00668,North,Residential,2025-08-07,21.4,12.22,16,Active,6.73
M00669,South,Residential,2025-03-22,54.72,35.42,16,Active,6.57
M00670,North,Commercial,2025-10-16,75.81,41.98,29,Active,8.18
M00671,Central,Residential,2025-01-31,39.97,13.79,22,Active,7.22
M00672,North,Commercial,2025-08-22,47.12,20.8,17,Active,8.01
M00673,West,Residential,2025-02-05,22.45,16.35,13,Active,6.24
M00674,East,Commercial,2025-05-12,105.56,41.6,9,Active,8.45
M00675,North,Commercial,2025-11-20,57.94,16.31,23,Active,9.11
M00676,West,Commercial,2025-12-12,62.03,27.44,14,Faulty,9.03
M00677,West,Residential,2025-05-12,45.73,19.81,18,Active,6.75
M00678,Central,Commercial,2025-01-09,61.26,29.72,13,Active,8.9
M00679,West,Commercial,2025-01-30,48.48,25.7,11,Active,8.44
M00680,West,Commercial,2025-04-25,56.57,42.21,25,Active,9.22
M00681,West,Residential,2025-10-28,36.41,22.87,24,Active,6.03
M00682,West,Industrial,2025-01-04,118.84,31.84,14,Active,9.63
M00683,South,Commercial,2025-11-21,50.17,30.42,16,Active,9.2
M00684,South,Residential,2025-08-25,23.55,15.59,19,Active,7.23
M00685,Central,Residential,2025-01-23,68.44,47.76,19,Active,6.64
M00686,North,Industrial,2025-01-16,96.94,44.79,24,Active,10.25
M00687,West,Residential,2025-01-22,24.99,10.17,22,Active,7.17
M00688,North,Industrial,2025-03-13,116.17,77.79,23,Active,10.61
M00689,North,Commercial,2025-10-31,47.33,30.23,19,Active,9.12
M00690,Central,Commercial,2025-08-18,66.56,34.48,17,Active,8.48
M00691,West,Residential,2025-04-17,35.66,11.02,11,Active,7.08
M00692,West,Residential,2025-07-27,20.89,12.03,18,Active,6.09
M00693,East,Industrial,2025-07-27,95.02,26.87,26,Faulty,10.13
M00694,North,Residential,2025-09-20,51.65,15.5,21,Active,6.31
M00695,North,Commercial,2025-02-20,52.2,21.69,18,Faulty,8.05
M00696,South,Residential,2025-03-06,23.77,10.35,8,Active,6.8
M00697,East,Residential,2025-09-22,39.11,18.81,22,Active,6.1
M00698,South,Residential,2025-12-04,24.98,10.48,18,Faulty,6.16
M00699,South,Residential,2025-10-28,31.03,8.28,19,Faulty,6.11
M00700,South,Industrial,2025-06-24,103.31,33.96,21,Active,10.77
M00701,Central,Residential,2025-06-01,33.94,10.44,31,Active,6.05
M00702,Central,Residential,2025-09-23,45.86,21.35,15,Active,6.35
M00703,South,Residential,2025-11-25,30.05,10.7,21,Active,6.85
M00704,East,Residential,2025-10-31,21.14,8.39,19,Active,7.07
M00705,North,Residential,2025-06-12,34.45,16.74,16,Faulty,6.79
M00706,East,Industrial,2025-12-09,130.7,48.07,15,Active,10.77
M00707,West,Residential,2025-08-26,28.36,10.58,22,Active,6.44
M00708,Central,Residential,2025-07-18,36.69,24.46,13,Active,6.61
M00709,North,Residential,2025-01-16,26.75,14.02,23,Active,7.07
M00710,North,Industrial,2025-11-05,100.39,68.1,17,Active,10.39
M00711,West,Residential,2025-10-23,21.91,11.11,19,Active,6.28
M00712,West,Residential,2025-12-22,36.79,25.92,14,Active,6.65
M00713,South,Commercial,2025-10-03,53.96,20.36,16,Active,9.27
M00714,Central,Commercial,2025-08-27,61.42,34.29,15,Active,9.12
M00715,Central,Residential,2025-03-10,28.78,14.44,10,Active,6.25
M00716,East,Residential,2025-10-28,30.18,21.41,23,Active,6.23
M00717,South,Commercial,2025-01-06,63.6,29.21,17,Active,9.08
M00718,South,Residential,2025-08-08,36.69,24.85,17,Faulty,6.26
M00719,South,Commercial,2025-09-11,74.51,39.64,25,Active,8.59
M00720,South,Commercial,2025-10-22,77.32,46.72,16,Active,8.23
M00721,Central,Residential,2025-12-24,29.9,20.73,13,Active,6.02
M00722,Central,Residential,2025-04-17,42.1,31.51,27,Active,7.14
M00723,South,Residential,2025-10-22,25.19,15.51,26,Faulty,7.01
M00724,East,Commercial,2025-04-28,56.3,22.93,12,Active,8.61
M00725,North,Residential,2025-06-17,33.67,13.45,13,Faulty,6.21
M00726,North,Residential,2025-09-08,23.59,9.54,18,Active,7.05
M00727,East,Commercial,2025-03-23,59.52,17.79,17,Active,8.47
M00728,South,Industrial,2025-02-23,106.45,29.47,16,Active,10.36
M00729,Central,Residential,2025-08-28,26.89,14.53,11,Active,6.41
M00730,North,Industrial,2025-01-12,114.16,74.81,23,Active,10.06
M00731,West,Residential,2025-07-28,29.73,7.97,16,Faulty,6.7
M00732,West,Residential,2025-06-14,51.12,27.26,18,Faulty,6.99
M00733,East,Residential,2025-10-21,57.12,24.9,14,Active,7.08
M00734,South,Residential,2025-01-07,27.99,19.49,22,Faulty,6.58
M00735,North,Residential,2025-03-19,28.93,9.34,19,Active,6.3
M00736,South,Residential,2025-03-06,26.6,14.14,18,Active,6.2
M00737,North,Industrial,2025-04-12,95.01,69.88,19,Active,9.94
M00738,East,Commercial,2025-12-23,85.59,36.16,13,Active,9.04
M00739,East,Commercial,2025-10-27,53.0,32.91,21,Active,8.36
M00740,West,Residential,2025-10-14,33.6,23.23,17,Active,6.06
M00741,South,Residential,2025-06-20,46.22,15.86,23,Active,6.73
M00742,West,Residential,2025-03-18,46.5,34.7,16,Active,6.04
M00743,South,Commercial,2025-02-17,64.15,42.0,24,Active,9.15
M00744,West,Industrial,2025-09-12,116.66,37.19,23,Active,10.38
M00745,Central,Residential,2025-03-23,36.95,14.98,18,Active,6.33
M00746,Central,Residential,2025-07-28,48.97,27.54,14,Active,6.61
M00747,Central,Residential,2025-07-28,47.37,32.8,15,Active,6.96
M00748,Central,Residential,2025-03-25,21.1,7.33,17,Active,7.19
M00749,North,Residential,2025-01-10,44.3,27.27,11,Active,7.14
M00750,Central,Commercial,2025-01-29,50.77,19.56,18,Active,8.09
M00751,East,Commercial,2025-10-31,62.99,41.11,14,Active,8.11
M00752,East,Residential,2025-04-26,22.02,13.03,16,Active,6.78
M00753,North,Residential,2025-09-26,31.16,15.94,14,Active,6.65
M00754,Central,Industrial,2025-02-16,101.38,58.29,11,Active,9.88
M00755,Central,Residential,2025-12-25,30.61,21.07,18,Active,7.27
M00756,Central,Residential,2025-04-01,33.52,14.86,23,Active,6.97
M00757,West,Residential,2025-02-22,22.69,14.4,23,Faulty,6.89
M00758,South,Residential,2025-08-06,49.87,16.43,30,Active,6.24
M00759,West,Residential,2025-12-14,18.96,11.39,22,Active,6.37
M00760,South,Commercial,2025-03-18,72.28,45.2,20,Faulty,8.79
M00761,Central,Residential,2025-07-23,26.96,12.71,12,Active,7.03
M00762,Central,Residential,2025-02-13,33.98,21.98,24,Active,7.21
M00763,West,Commercial,2025-06-05,72.45,38.29,16,Active,8.91
M00764,West,Residential,2025-01-02,36.9,26.5,27,Active,6.54
M00765,South,Industrial,2025-12-23,101.58,31.11,16,Active,10.4
M00766,East,Industrial,2025-11-09,104.07,32.82,13,Faulty,9.59
M00767,South,Residential,2025-02-26,29.59,19.86,17,Faulty,6.78
M00768,West,Commercial,2025-10-17,74.95,50.3,18,Active,9.16
M00769,West,Residential,2025-02-27,48.59,23.6,16,Active,6.83
M00770,North,Industrial,2025-09-11,97.36,71.27,13,Active,9.51
M00771,West,Residential,2025-06-29,43.91,25.89,9,Active,6.9
M00772,North,Industrial,2025-06-06,130.26,96.58,23,Active,10.44
M00773,East,Commercial,2025-02-04,65.75,33.94,16,Active,8.7
M00774,South,Residential,2025-03-16,27.05,9.49,13,Active,7.06
M00775,South,Residential,2025-10-16,22.64,10.69,14,Active,6.26
M00776,North,Industrial,2025-03-16,107.07,79.26,14,Active,10.03
M00777,South,Industrial,2025-11-25,93.69,40.77,11,Active,10.55
M00778,West,Residential,2025-03-19,32.01,23.32,15,Active,6.78
M00779,Central,Commercial,2025-09-12,54.69,35.47,15,Active,9.29
M00780,North,Residential,2025-09-22,32.11,15.13,20,Active,6.09
M00781,South,Residential,2025-10-31,44.21,23.03,18,Active,6.32
M00782,North,Residential,2025-03-08,36.46,20.19,21,Active,6.26
M00783,North,Residential,2025-08-09,47.37,27.61,13,Active,7.27
M00784,Central,Commercial,2025-06-13,110.82,31.95,12,Active,9.13
M00785,West,Residential,2025-08-08,38.01,27.25,13,Active,6.17
M00786,North,Commercial,2025-06-21,62.04,34.03,16,Active,8.46
M00787,South,Residential,2025-09-11,50.03,35.8,18,Active,6.07
M00788,East,Residential,2025-07-29,28.38,16.06,17,Active,6.82
M00789,North,Residential,2025-07-07,33.74,15.71,17,Active,6.43
M00790,North,Residential,2025-07-10,33.69,17.97,15,Faulty,6.33
M00791,Central,Residential,2025-08-03,45.08,29.97,16,Active,6.68
M00792,West,Residential,2025-03-27,21.01,8.68,17,Active,7.03
M00793,East,Commercial,2025-04-16,55.97,40.76,28,Active,8.53
M00794,South,Residential,2025-11-28,58.73,28.37,14,Active,6.98
M00795,East,Residential,2025-10-23,30.71,22.36,14,Active,6.58
M00796,South,Residential,2025-01-19,55.41,38.25,15,Active,6.28
M00797,West,Industrial,2025-02-16,118.73,75.25,14,Active,10.08
M00798,South,Industrial,2025-03-06,121.95,58.99,13,Active,10.2
M00799,Central,Residential,2025-05-26,49.29,26.79,15,Active,6.6
M00800,Central,Residential,2025-10-13,30.28,20.26,18,Active,6.36
M00801,Central,Residential,2025-03-07,39.51,20.63,22,Active,6.24
M00802,Central,Industrial,2025-01-05,93.56,57.92,18,Active,10.73
M00803,East,Residential,2025-04-03,39.53,25.51,21,Active,6.39
M00804,West,Residential,2025-12-19,77.54,39.28,23,Active,6.92
M00805,South,Residential,2025-04-04,44.43,23.02,10,Faulty,6.44
M00806,South,Residential,2025-04-16,25.71,8.97,17,Active,7.26
M00807,Central,Residential,2025-05-13,27.91,10.39,19,Active,7.28
M00808,Central,Commercial,2025-12-07,74.06,52.03,14,Active,9.07
M00809,North,Residential,2025-11-10,28.03,18.78,19,Active,6.76
M00810,West,Commercial,2025-03-20,49.18,12.54,21,Active,8.7
M00811,East,Residential,2025-07-31,35.81,24.52,17,Active,6.43
M00812,South,Residential,2025-01-08,46.8,12.29,16,Active,6.16
M00813,North,Industrial,2025-06-08,97.08,46.51,21,Faulty,9.6
M00814,North,Residential,2025-09-25,30.79,8.74,15,Active,6.61
M00815,South,Commercial,2025-05-29,60.26,44.26,19,Active,9.27
M00816,East,Residential,2025-12-16,35.89,26.42,18,Active,6.32
M00817,North,Residential,2025-04-01,24.94,13.85,19,Active,6.53
M00818,North,Industrial,2025-08-24,94.47,42.14,18,Faulty,10.33
M00819,West,Residential,2025-10-16,46.89,23.73,12,Active,6.46
M00820,East,Industrial,2025-12-22,98.74,62.32,20,Active,9.5
M00821,North,Residential,2025-06-17,25.61,9.26,9,Faulty,6.52
M00822,East,Industrial,2025-07-12,107.62,50.67,16,Active,10.55
M00823,South,Residential,2025-07-06,27.74,17.16,16,Active,7.23
M00824,Central,Residential,2025-09-28,35.82,16.04,19,Active,6.36
M00825,North,Commercial,2025-04-24,52.21,13.89,26,Active,9.2
M00826,West,Industrial,2025-01-11,97.56,49.14,22,Faulty,10.63
M00827,South,Industrial,2025-02-24,105.93,65.54,26,Active,10.03
M00828,East,Commercial,2025-09-15,50.97,37.64,19,Active,8.01
M00829,South,Industrial,2025-03-06,106.84,28.69,15,Active,10.6
M00830,North,Residential,2025-06-21,23.68,12.31,23,Active,6.37
M00831,East,Residential,2025-09-29,38.75,18.41,18,Faulty,6.98
M00832,Central,Residential,2025-05-30,22.49,8.35,23,Active,6.74
M00833,South,Residential,2025-12-28,32.15,18.29,11,Active,6.29
M00834,North,Residential,2025-05-26,19.86,6.59,24,Active,6.84
M00835,West,Residential,2025-07-28,27.25,10.68,16,Active,6.99
M00836,East,Residential,2025-10-13,30.34,19.44,17,Active,6.62
M00837,South,Commercial,2025-01-10,50.09,24.05,21,Active,8.97
M00838,South,Residential,2025-08-15,35.31,26.37,24,Active,6.53
M00839,Central,Residential,2025-07-05,34.78,15.42,20,Active,7.27
M00840,Central,Residential,2025-03-03,29.74,14.32,16,Active,6.31
M00841,West,Commercial,2025-03-26,60.05,24.03,25,Active,9.01
M00842,West,Commercial,2025-05-14,50.48,18.58,15,Active,8.97
M00843,North,Commercial,2025-11-19,61.06,43.42,16,Active,8.69
M00844,North,Residential,2025-10-24,49.05,30.63,23,Active,6.46
M00845,West,Residential,2025-06-20,34.33,14.31,16,Active,6.58
M00846,West,Residential,2025-08-01,37.27,22.36,18,Active,6.82
M00847,East,Residential,2025-01-18,47.02,34.46,17,Active,6.69
M00848,Central,Residential,2025-11-10,42.4,12.17,18,Active,6.99
M00849,North,Residential,2025-03-01,49.15,18.79,20,Active,6.47
M00850,Central,Residential,2025-03-29,65.99,23.12,15,Active,6.14
M00851,Central,Industrial,2025-01-27,106.67,73.06,10,Active,10.16
M00852,West,Industrial,2025-03-09,102.44,34.79,19,Active,9.84
M00853,East,Residential,2025-10-05,24.01,9.7,21,Active,6.8
M00854,South,Residential,2025-02-09,28.1,14.67,15,Active,6.68
M00855,East,Residential,2025-04-19,31.52,17.67,19,Active,7.01
M00856,East,Residential,2025-03-15,35.83,23.44,20,Active,6.75
M00857,Central,Industrial,2025-03-07,110.71,50.22,12,Active,10.06
M00858,East,Residential,2025-06-17,28.02,14.49,21,Active,6.16
M00859,North,Commercial,2025-09-19,50.81,37.23,15,Active,8.16
M00860,Central,Residential,2025-10-01,21.62,8.62,17,Active,6.83
M00861,North,Industrial,2025-12-03,118.63,44.37,25,Active,10.64
M00862,South,Residential,2025-12-24,52.21,31.6,16,Active,6.54
M00863,Central,Commercial,2025-08-25,69.23,44.0,22,Active,8.69
M00864,South,Residential,2025-08-03,46.28,21.17,18,Active,6.77
M00865,Central,Commercial,2025-10-13,50.74,18.09,16,Active,8.62
M00866,West,Residential,2025-05-29,45.13,28.86,15,Active,6.08
M00867,East,Residential,2025-11-14,28.39,16.62,18,Active,6.77
M00868,West,Industrial,2025-04-17,118.7,81.68,13,Active,9.68
M00869,South,Industrial,2025-05-21,101.54,68.25,21,Active,10.22
M00870,East,Industrial,2025-03-17,96.63,34.07,21,Active,10.51
M00871,Central,Commercial,2025-01-09,48.89,32.57,14,Active,8.01
M00872,East,Commercial,2025-07-15,111.09,37.5,17,Active,8.56
M00873,North,Residential,2025-10-22,38.79,26.45,18,Active,6.97
M00874,East,Residential,2025-10-07,28.38,18.03,22,Active,6.69
M00875,North,Residential,2025-04-28,60.65,32.44,21,Active,6.31
M00876,East,Commercial,2025-10-17,67.97,38.82,21,Active,8.91
M00877,North,Residential,2025-03-02,51.2,15.46,22,Faulty,7.02
M00878,South,Residential,2025-12-01,22.45,6.06,16,Active,6.47
M00879,West,Commercial,2025-11-02,77.2,32.06,22,Active,8.39
M00880,Central,Commercial,2025-02-20,57.68,38.11,20,Active,8.71
M00881,East,Residential,2025-02-21,20.7,10.0,20,Active,6.48
M00882,West,Residential,2025-05-02,67.04,24.25,13,Active,7.09
M00883,Central,Residential,2025-06-16,36.24,24.18,18,Active,7.01
M00884,Central,Residential,2025-01-08,44.12,16.07,17,Active,6.41
M00885,North,Residential,2025-02-14,34.43,22.65,16,Active,6.59
M00886,South,Commercial,2025-12-10,60.41,28.78,21,Faulty,9.16
M00887,South,Commercial,2025-09-02,63.43,30.56,15,Active,8.19
M00888,West,Commercial,2025-10-11,57.48,22.21,14,Active,8.98
M00889,South,Residential,2025-04-17,24.88,17.42,15,Active,6.41
M00890,East,Commercial,2025-01-27,66.92,19.7,16,Active,8.16
M00891,South,Residential,2025-07-12,54.6,17.59,18,Active,6.15
M00892,West,Residential,2025-12-03,52.58,29.86,22,Active,6.36
M00893,South,Commercial,2025-12-23,50.73,34.25,22,Active,8.71
M00894,East,Residential,2025-03-03,53.34,15.88,23,Active,7.18
M00895,North,Residential,2025-03-03,27.44,16.93,11,Active,6.39
M00896,West,Industrial,2025-10-09,97.76,60.73,22,Active,9.76
M00897,North,Residential,2025-05-01,20.29,10.97,20,Active,6.62
M00898,North,Commercial,2025-10-07,59.28,29.25,22,Active,8.2
M00899,North,Residential,2025-02-08,32.34,13.28,17,Active,6.35
M00900,Central,Commercial,2025-10-04,63.43,27.0,13,Active,9.28
M00901,Central,Residential,2025-04-04,25.62,15.04,19,Active,6.73
M00902,North,Residential,2025-04-25,31.92,9.02,17,Faulty,7.02
M00903,West,Commercial,2025-06-25,54.59,29.61,15,Active,8.28
M00904,East,Residential,2025-05-01,36.4,14.17,15,Faulty,6.68
M00905,East,Residential,2025-01-13,48.62,23.5,18,Active,6.66
M00906,South,Residential,2025-06-12,49.35,26.13,13,Active,7.06
M00907,West,Residential,2025-10-02,51.92,35.97,21,Active,6.03
M00908,Central,Residential,2025-06-25,22.91,12.36,17,Active,7.12
M00909,North,Residential,2025-12-03,29.49,10.72,17,Active,6.1
M00910,South,Industrial,2025-11-20,99.12,28.72,19,Active,10.69
M00911,East,Residential,2025-06-22,21.0,11.83,16,Active,6.19
M00912,Central,Residential,2025-10-02,33.85,17.69,23,Active,6.69
M00913,Central,Residential,2025-03-05,38.86,22.77,25,Active,6.13
M00914,North,Residential,2025-04-11,51.2,24.56,21,Active,6.58
M00915,East,Industrial,2025-11-18,104.36,69.15,21,Active,9.89
M00916,West,Residential,2025-03-07,43.46,30.86,19,Active,6.55
M00917,Central,Industrial,2025-11-27,92.98,25.1,24,Active,10.21
M00918,North,Residential,2025-02-14,20.28,12.62,17,Active,6.6
M00919,West,Commercial,2025-03-28,54.17,14.49,20,Active,8.03
M00920,East,Residential,2025-03-08,34.39,16.25,16,Active,7.12
M00921,Central,Industrial,2025-09-16,101.12,48.62,19,Active,9.62
M00922,West,Commercial,2025-07-24,70.76,42.32,20,Active,9.27
M00923,West,Residential,2025-06-27,63.23,26.95,18,Active,7.11
M00924,West,Residential,2025-10-07,40.04,26.44,19,Active,6.73
M00925,Central,Residential,2025-12-10,29.01,12.23,27,Active,6.32
M00926,Central,Industrial,2025-01-17,98.09,41.32,10,Active,9.61
M00927,South,Residential,2025-10-23,22.21,8.03,22,Faulty,6.87
M00928,East,Residential,2025-07-21,32.25,19.09,17,Active,6.26
M00929,North,Commercial,2025-06-21,90.15,25.99,20,Active,8.95
M00930,West,Residential,2025-09-19,35.33,15.25,23,Active,7.08
M00931,South,Industrial,2025-07-13,103.94,39.86,17,Active,10.79
M00932,North,Commercial,2025-05-29,63.36,23.11,21,Active,8.66
M00933,South,Commercial,2025-02-04,66.4,18.62,16,Active,9.27
M00934,Central,Industrial,2025-01-29,91.02,31.42,22,Active,9.69
M00935,West,Residential,2025-09-20,81.54,38.58,11,Active,7.09
M00936,North,Residential,2025-08-09,18.79,9.43,16,Active,6.47
M00937,North,Residential,2025-02-22,30.19,11.62,13,Active,6.47
M00938,North,Residential,2025-10-06,36.51,21.0,17,Active,6.35
M00939,North,Commercial,2025-12-19,57.42,24.0,21,Active,8.23
M00940,North,Industrial,2025-03-17,105.8,45.88,12,Active,10.07
M00941,South,Residential,2025-06-25,27.04,17.34,24,Active,7.28
M00942,West,Residential,2025-01-10,28.07,14.76,18,Active,6.43
M00943,Central,Industrial,2025-04-27,103.81,75.43,24,Active,10.1
M00944,Central,Residential,2025-10-07,42.39,18.21,22,Active,6.3
M00945,Central,Residential,2025-08-06,34.05,22.61,20,Active,6.44
M00946,Central,Residential,2025-06-24,48.02,29.73,14,Active,6.07
M00947,South,Industrial,2025-08-22,113.34,78.78,16,Active,10.74
M00948,East,Commercial,2025-09-09,75.31,54.86,21,Active,8.66
M00949,West,Commercial,2025-10-22,56.5,14.34,12,Active,8.95
M00950,North,Commercial,2025-11-18,51.93,15.28,15,Active,8.67
M00951,East,Residential,2025-01-06,24.52,14.4,19,Active,7.0
M00952,Central,Residential,2025-01-21,36.15,16.09,18,Active,6.69
M00953,East,Commercial,2025-03-14,50.09,33.04,14,Active,8.91
M00954,West,Residential,2025-11-26,53.06,13.58,17,Active,6.89
M00955,North,Commercial,2025-02-05,50.39,32.93,16,Active,8.69
M00956,North,Industrial,2025-08-21,123.24,39.14,13,Active,9.8
M00957,West,Commercial,2025-08-04,55.88,22.08,20,Active,8.28
M00958,West,Commercial,2025-07-25,61.92,45.48,23,Active,9.14
M00959,Central,Commercial,2025-02-13,53.37,14.72,13,Active,8.16
M00960,North,Commercial,2025-04-01,58.84,24.98,21,Active,8.73
M00961,East,Residential,2025-11-12,35.62,10.41,18,Active,6.65
M00962,South,Residential,2025-04-03,32.4,21.93,22,Active,7.04
M00963,South,Residential,2025-12-05,21.84,13.14,11,Active,6.18
M00964,West,Commercial,2025-03-24,69.36,45.1,16,Active,8.89
M00965,Central,Residential,2025-11-29,33.9,17.41,25,Active,6.79
M00966,South,Commercial,2025-10-09,51.61,22.13,20,Active,8.91
M00967,North,Residential,2025-01-21,33.8,8.49,17,Active,6.81
M00968,West,Commercial,2025-08-16,65.98,25.66,9,Active,8.73
M00969,East,Residential,2025-05-10,34.17,17.33,22,Active,7.2
M00970,West,Commercial,2025-06-24,81.45,47.42,18,Active,8.45
M00971,East,Residential,2025-04-18,20.38,7.43,11,Active,6.24
M00972,West,Residential,2025-10-10,25.79,8.24,14,Faulty,7.03
M00973,West,Residential,2025-03-12,40.57,14.23,20,Active,6.17
M00974,West,Commercial,2025-02-19,55.71,23.79,21,Active,8.88
M00975,East,Residential,2025-04-05,21.34,6.92,8,Active,6.71
M00976,East,Residential,2025-10-06,59.67,19.6,23,Active,6.0
M00977,West,Industrial,2025-12-03,97.49,26.51,15,Active,9.81
M00978,South,Commercial,2025-05-12,55.19,37.44,20,Active,8.64
M00979,Central,Industrial,2025-10-03,104.78,37.71,17,Active,9.93
M00980,Central,Residential,2025-01-13,58.35,38.57,24,Active,6.55
M00981,Central,Residential,2025-01-03,33.79,15.85,23,Active,6.78
M00982,East,Industrial,2025-08-12,99.94,56.59,15,Active,10.45
M00983,East,Residential,2025-06-24,94.52,27.21,21,Active,6.2
M00984,South,Commercial,2025-03-31,65.13,35.29,22,Active,8.37
M00985,Central,Residential,2025-08-29,35.29,13.94,27,Active,6.83
M00986,Central,Residential,2025-02-04,21.72,6.46,22,Active,6.76
M00987,West,Residential,2025-01-14,38.88,27.38,11,Active,6.96
M00988,East,Residential,2025-07-14,46.83,25.84,15,Active,6.83
M00989,Central,Residential,2025-11-02,22.25,8.25,13,Active,6.43
M00990,South,Residential,2025-11-30,56.64,26.04,20,Active,6.65
M00991,South,Industrial,2025-08-01,156.01,66.84,23,Active,10.65
M00992,Central,Residential,2025-01-03,59.85,35.93,15,Active,6.24
M00993,East,Commercial,2025-06-28,53.38,29.56,10,Active,8.49
M00994,South,Commercial,2025-02-09,84.7,22.01,17,Active,9.09
M00995,West,Commercial,2025-06-13,70.25,24.51,19,Active,8.47
M00996,South,Residential,2025-11-03,30.76,15.04,16,Active,6.54
M00997,North,Commercial,2025-08-23,79.25,37.46,15,Active,8.41
M00998,North,Commercial,2025-09-14,66.74,33.93,22,Active,9.17
M00999,East,Commercial,2025-12-26,61.14,37.14,21,Faulty,8.86
M01000,Central,Commercial,2025-04-26,55.79,32.97,19,Active,8.27
M01001,East,Industrial,2025-02-21,98.8,43.12,15,Active,10.47
M01002,East,Commercial,2025-05-22,63.33,43.62,23,Faulty,8.05
M01003,East,Residential,2025-03-27,30.1,8.47,21,Active,6.52
M01004,East,Commercial,2025-02-15,66.73,36.18,15,Active,9.18
M01005,West,Residential,2025-11-28,52.4,37.98,16,Active,6.9
M01006,West,Industrial,2025-08-26,104.86,55.0,24,Active,10.53
M01007,South,Residential,2025-01-10,28.09,13.41,19,Active,7.21
M01008,North,Residential,2025-06-01,39.98,12.67,13,Active,7.01
M01009,East,Commercial,2025-03-02,56.61,37.08,15,Active,8.12
M01010,South,Commercial,2025-01-18,67.98,29.7,17,Active,8.3
M01011,North,Residential,2025-03-27,23.27,13.98,11,Active,6.65
M01012,Central,Residential,2025-05-17,44.81,15.63,15,Active,6.02
M01013,West,Industrial,2025-08-18,115.04,31.17,18,Faulty,10.31
M01014,North,Residential,2025-05-08,33.18,13.36,16,Active,6.85
M01015,Central,Industrial,2025-04-14,108.8,42.51,18,Active,10.41
M01016,North,Residential,2025-07-05,42.94,29.49,16,Active,6.72
M01017,West,Commercial,2025-06-27,85.35,58.24,17,Active,8.59
M01018,West,Commercial,2025-12-23,51.94,26.85,17,Active,9.11
M01019,South,Residential,2025-01-06,38.38,9.96,18,Active,7.0
M01020,East,Residential,2025-12-07,22.46,8.18,14,Active,6.8
M01021,North,Residential,2025-11-03,24.65,14.04,19,Active,6.06
M01022,North,Commercial,2025-02-05,80.21,24.12,15,Active,8.9
M01023,Central,Residential,2025-11-23,23.43,14.07,21,Active,6.73
M01024,West,Commercial,2025-12-22,67.34,17.24,12,Active,8.9
M01025,North,Residential,2025-10-08,28.13,16.63,27,Active,6.4
M01026,West,Residential,2025-10-27,22.73,15.28,16,Active,7.01
M01027,North,Residential,2025-01-14,24.6,11.92,18,Active,6.54
M01028,South,Residential,2025-08-25,26.01,17.28,16,Active,7.16
M01029,East,Commercial,2025-10-12,75.31,48.26,10,Faulty,8.14
M01030,North,Industrial,2025-11-26,98.06,57.43,19,Active,10.13
M01031,West,Commercial,2025-02-19,55.21,26.09,29,Active,8.27
M01032,South,Residential,2025-09-18,29.74,11.48,16,Active,6.59
M01033,North,Industrial,2025-04-20,101.61,69.14,20,Active,9.96
M01034,Central,Commercial,2025-07-16,77.77,44.66,16,Active,9.04
M01035,East,Industrial,2025-09-09,92.98,60.34,9,Active,9.72
M01036,North,Residential,2025-03-29,47.67,25.07,18,Active,6.78
M01037,South,Residential,2025-11-09,32.83,11.03,23,Active,6.53
M01038,Central,Residential,2025-01-26,42.05,31.11,15,Active,6.67
M01039,South,Commercial,2025-09-19,52.23,17.83,16,Faulty,8.93
M01040,South,Residential,2025-05-24,26.84,18.94,10,Active,6.46
M01041,Central,Residential,2025-03-01,32.56,11.53,20,Active,6.48
M01042,South,Residential,2025-12-22,25.8,11.27,20,Active,6.1
M01043,Central,Commercial,2025-09-25,51.4,24.16,17,Active,8.72
M01044,North,Commercial,2025-03-16,48.23,34.28,15,Active,8.54
M01045,Central,Residential,2025-01-03,26.72,18.55,23,Active,7.06
M01046,Central,Residential,2025-03-04,31.21,20.65,18,Active,6.57
M01047,East,Commercial,2025-08-24,57.87,25.37,22,Active,9.26
M01048,Central,Industrial,2025-08-17,105.64,26.65,18,Active,9.72
M01049,Central,Commercial,2025-10-02,64.68,38.21,12,Active,8.35
M01050,North,Industrial,2025-01-18,110.16,50.18,18,Active,10.01
M01051,East,Commercial,2025-03-21,57.72,36.28,25,Active,8.22
M01052,West,Commercial,2025-08-03,70.2,45.45,28,Active,9.26
M01053,North,Residential,2025-06-20,23.46,11.02,20,Active,6.83
M01054,North,Commercial,2025-11-25,71.81,44.81,19,Active,8.01
M01055,West,Commercial,2025-09-12,87.88,58.88,26,Active,8.75
M01056,Central,Commercial,2025-05-06,65.33,46.66,16,Active,9.02
M01057,South,Residential,2025-09-12,21.59,11.69,14,Active,6.07
M01058,East,Residential,2025-03-13,26.15,16.72,11,Active,6.75
M01059,South,Residential,2025-02-07,25.71,12.79,11,Active,6.49
M01060,West,Residential,2025-11-20,30.68,8.31,18,Faulty,6.76
M01061,North,Residential,2025-07-23,43.17,14.14,22,Active,6.33
M01062,North,Commercial,2025-06-21,51.12,16.06,16,Active,8.87
M01063,East,Residential,2025-08-11,53.54,17.98,26,Active,6.87
M01064,North,Residential,2025-08-05,40.36,10.3,15,Faulty,6.7
M01065,North,Residential,2025-09-02,37.04,25.16,15,Faulty,7.2
M01066,East,Commercial,2025-12-02,50.5,26.77,18,Active,9.18
M01067,East,Residential,2025-07-10,63.52,28.05,14,Active,6.06
M01068,West,Residential,2025-10-25,63.88,29.06,20,Faulty,6.38
M01069,North,Commercial,2025-11-16,53.44,25.74,12,Active,8.47
M01070,North,Residential,2025-07-01,25.49,7.31,23,Active,6.07
M01071,West,Industrial,2025-11-30,101.12,39.17,13,Active,10.18
M01072,Central,Industrial,2025-07-24,107.54,72.68,15,Active,9.53
M01073,Central,Residential,2025-12-27,21.39,13.3,23,Faulty,6.88
M01074,Central,Residential,2025-07-18,23.83,12.67,19,Active,6.0
M01075,West,Commercial,2025-11-28,64.05,31.41,12,Active,8.04
M01076,North,Residential,2025-06-14,45.47,17.26,13,Active,7.08
M01077,West,Residential,2025-08-30,38.58,18.74,17,Active,6.33
M01078,West,Residential,2025-05-10,43.79,24.04,19,Active,6.11
M01079,Central,Industrial,2025-08-15,117.32,71.13,19,Active,10.02
M01080,South,Residential,2025-05-02,46.5,15.5,14,Active,6.07
M01081,North,Commercial,2025-02-13,64.57,42.39,16,Active,8.98
M01082,Central,Commercial,2025-07-15,54.85,23.2,14,Faulty,8.64
M01083,South,Residential,2025-12-24,20.04,10.05,22,Active,6.72
M01084,South,Residential,2025-07-23,50.42,27.93,18,Active,6.98
M01085,East,Industrial,2025-11-14,106.79,52.76,17,Active,10.52
M01086,North,Residential,2025-09-14,34.64,18.57,20,Active,6.18
M01087,South,Commercial,2025-01-17,73.21,22.38,18,Active,8.36
M01088,Central,Residential,2025-09-29,22.34,10.41,13,Active,6.23
M01089,East,Residential,2025-01-09,35.52,13.86,21,Active,6.07
M01090,North,Residential,2025-09-06,27.54,8.07,28,Active,6.7
M01091,West,Residential,2025-07-20,33.85,11.71,13,Faulty,6.32
M01092,Central,Residential,2025-02-28,58.58,32.29,19,Active,6.2
M01093,South,Commercial,2025-05-20,56.08,19.54,21,Active,8.66
M01094,South,Residential,2025-04-29,36.23,12.34,13,Active,6.82
M01095,Central,Residential,2025-02-10,34.11,17.96,14,Active,7.0
M01096,South,Residential,2025-11-18,44.01,30.91,14,Faulty,6.02
M01097,East,Commercial,2025-11-27,66.53,42.87,14,Active,8.68
M01098,North,Residential,2025-09-24,24.8,17.42,14,Active,6.35
M01099,East,Commercial,2025-01-08,82.06,44.43,17,Active,9.29
M01100,South,Residential,2025-07-02,34.08,15.51,18,Active,6.2
M01101,West,Residential,2025-05-14,24.8,15.25,26,Active,6.57
M01102,North,Residential,2025-06-30,23.11,8.8,20,Active,7.26
M01103,North,Commercial,2025-12-21,68.5,19.8,21,Active,8.28
M01104,Central,Residential,2025-03-13,49.71,20.99,13,Faulty,7.05
M01105,Central,Residential,2025-04-23,45.26,18.09,18,Active,6.32
M01106,West,Residential,2025-04-17,30.95,18.19,23,Active,6.1
M01107,North,Commercial,2025-10-17,58.62,30.82,21,Active,8.06
M01108,West,Residential,2025-11-09,40.27,12.85,19,Active,7.23
M01109,Central,Residential,2025-04-27,24.7,17.4,20,Active,6.28
M01110,Central,Residential,2025-04-30,49.77,27.21,19,Active,6.38
M01111,North,Residential,2025-05-27,42.22,20.22,15,Active,7.26
M01112,East,Commercial,2025-11-23,53.89,38.73,21,Active,8.85
M01113,South,Commercial,2025-07-29,60.57,18.09,16,Active,8.63
M01114,Central,Residential,2025-10-23,32.38,20.88,16,Active,6.57
M01115,Central,Residential,2025-04-13,28.2,12.19,21,Active,6.06
M01116,East,Residential,2025-05-04,48.25,28.84,25,Active,7.09
M01117,East,Residential,2025-09-02,20.47,14.64,19,Active,6.99
M01118,West,Residential,2025-12-22,43.76,22.27,20,Active,6.12
M01119,West,Commercial,2025-07-28,74.71,19.52,22,Active,8.46
M01120,South,Industrial,2025-11-10,105.58,27.92,26,Active,10.65
M01121,South,Industrial,2025-04-19,91.14,37.85,16,Active,9.81
M01122,North,Industrial,2025-12-14,95.25,61.04,28,Active,10.29
M01123,West,Commercial,2025-02-19,53.89,21.24,23,Active,8.63
M01124,Central,Commercial,2025-04-15,62.05,25.89,20,Active,9.06
M01125,West,Residential,2025-01-27,46.43,29.82,12,Active,6.05
M01126,Central,Commercial,2025-10-15,51.17,15.77,12,Active,9.06
M01127,East,Residential,2025-09-14,34.67,23.35,14,Active,6.18
M01128,West,Residential,2025-09-30,21.27,8.14,22,Active,6.02
M01129,East,Commercial,2025-05-17,78.75,21.7,25,Active,8.77
M01130,South,Residential,2025-12-06,23.68,7.31,21,Active,6.34
M01131,South,Residential,2025-10-28,32.54,23.63,14,Active,6.92
M01132,North,Industrial,2025-11-18,106.44,50.63,17,Active,10.11
M01133,West,Residential,2025-02-01,34.5,13.05,22,Active,6.79
M01134,East,Residential,2025-02-14,23.62,12.06,18,Active,6.9
M01135,Central,Industrial,2025-09-22,101.54,60.03,17,Active,10.71
M01136,South,Commercial,2025-01-30,50.96,20.86,18,Active,9.07
M01137,South,Residential,2025-03-25,33.78,20.69,18,Active,6.64
M01138,Central,Residential,2025-06-15,26.16,9.84,14,Active,6.57
M01139,East,Residential,2025-11-12,31.93,9.78,13,Active,6.85
M01140,East,Industrial,2025-01-01,108.59,56.99,19,Active,10.45
M01141,West,Commercial,2025-09-06,58.09,18.91,14,Active,8.22
M01142,West,Residential,2025-09-18,29.64,21.35,22,Active,6.04
M01143,North,Residential,2025-03-04,26.49,6.63,24,Active,6.59
M01144,South,Residential,2025-06-13,31.38,19.7,19,Active,6.13
M01145,West,Industrial,2025-11-17,96.63,37.66,20,Active,9.85
M01146,East,Residential,2025-11-30,38.43,25.87,21,Active,6.76
M01147,Central,Commercial,2025-07-20,61.54,17.24,21,Active,8.2
M01148,East,Residential,2025-08-10,32.79,23.82,16,Active,6.04
M01149,South,Commercial,2025-06-01,87.33,26.26,26,Active,8.72
M01150,East,Industrial,2025-05-12,126.01,81.14,18,Active,10.11
M01151,North,Commercial,2025-04-24,49.88,25.37,26,Active,8.4
M01152,South,Residential,2025-08-05,38.43,17.88,11,Active,6.61
M01153,Central,Commercial,2025-07-15,57.94,22.6,17,Active,8.89
M01154,North,Commercial,2025-10-08,62.71,42.06,18,Active,8.14
M01155,South,Residential,2025-07-21,27.83,9.74,12,Active,6.33
M01156,Central,Industrial,2025-05-15,103.22,63.03,25,Active,10.53
M01157,North,Commercial,2025-08-22,54.54,25.79,15,Active,8.87
M01158,North,Industrial,2025-05-21,94.92,71.12,18,Active,9.85
M01159,South,Commercial,2025-07-15,82.56,45.88,21,Active,8.52
M01160,West,Residential,2025-02-12,20.21,6.11,15,Active,6.16
M01161,North,Residential,2025-02-26,22.03,10.13,22,Active,6.33
M01162,North,Residential,2025-05-22,23.52,6.66,15,Active,7.09
M01163,Central,Industrial,2025-07-29,121.12,47.58,22,Active,10.07
M01164,East,Commercial,2025-03-13,59.18,24.95,15,Faulty,8.83
M01165,South,Commercial,2025-08-12,51.03,34.53,11,Active,8.21
M01166,South,Residential,2025-01-27,29.91,20.01,19,Faulty,6.24
M01167,West,Residential,2025-05-08,54.07,13.83,13,Active,7.22
M01168,West,Commercial,2025-04-16,59.07,30.49,18,Active,9.09
M01169,South,Residential,2025-06-14,30.62,11.08,36,Faulty,7.03
M01170,West,Residential,2025-08-03,28.93,11.86,15,Active,6.43
M01171,Central,Commercial,2025-03-12,50.14,13.08,18,Active,8.73
M01172,South,Residential,2025-07-23,35.46,22.16,19,Active,6.64
M01173,West,Residential,2025-06-02,25.18,18.26,17,Active,7.24
M01174,South,Residential,2025-03-08,26.65,9.58,18,Active,6.31
M01175,East,Residential,2025-03-31,42.94,18.07,17,Active,7.23
M01176,North,Industrial,2025-09-17,117.73,41.58,14,Active,10.42
M01177,South,Residential,2025-12-28,20.38,14.57,22,Active,6.54
M01178,North,Residential,2025-08-16,41.07,10.46,18,Active,6.35
M01179,West,Residential,2025-03-20,34.67,18.79,30,Active,6.98
M01180,North,Commercial,2025-04-06,72.92,49.98,20,Active,9.07
M01181,South,Residential,2025-12-15,32.41,11.12,19,Active,6.46
M01182,East,Commercial,2025-11-26,57.32,31.24,10,Active,8.22
M01183,West,Residential,2025-09-03,35.07,9.66,17,Active,6.64
M01184,South,Residential,2025-09-29,22.77,14.97,15,Active,6.61
M01185,West,Residential,2025-06-06,41.53,16.08,19,Faulty,6.94
M01186,Central,Commercial,2025-04-26,56.25,41.87,13,Active,9.27
M01187,North,Industrial,2025-01-18,98.71,70.18,18,Active,10.19
M01188,Central,Residential,2025-06-21,24.8,15.28,12,Active,6.95
M01189,South,Residential,2025-01-16,38.21,19.04,20,Active,6.46
M01190,East,Industrial,2025-08-28,119.55,75.71,15,Active,10.28
M01191,West,Residential,2025-02-25,38.91,12.27,19,Active,6.15
M01192,North,Commercial,2025-03-20,59.54,24.12,20,Faulty,9.06
M01193,West,Residential,2025-04-13,33.25,8.76,20,Active,6.45
M01194,South,Industrial,2025-10-11,101.83,58.3,14,Active,9.6
M01195,West,Commercial,2025-07-12,74.21,48.44,24,Active,9.29
M01196,North,Industrial,2025-01-05,102.89,74.4,10,Active,10.67
M01197,South,Commercial,2025-04-16,72.37,42.93,18,Active,8.26
M01198,West,Residential,2025-10-05,27.22,16.77,18,Faulty,6.47
M01199,East,Industrial,2025-04-10,131.73,91.91,19,Active,10.72
M01200,South,Residential,2025-08-26,31.49,22.62,23,Active,7.04
M01201,South,Residential,2025-09-26,38.4,19.03,18,Active,7.18
M01202,East,Commercial,2025-11-17,47.84,14.59,20,Active,8.73
M01203,Central,Commercial,2025-03-27,70.27,33.96,24,Active,8.32
M01204,North,Industrial,2025-11-16,95.63,50.5,24,Active,9.8
M01205,Central,Residential,2025-02-01,54.36,30.76,8,Active,6.68
M01206,West,Commercial,2025-12-02,59.9,44.6,9,Active,9.2
M01207,East,Commercial,2025-02-20,50.91,36.08,13,Active,8.82
M01208,Central,Residential,2025-03-20,31.04,13.91,22,Active,6.04
M01209,South,Residential,2025-07-05,38.19,11.71,22,Active,6.73
M01210,West,Residential,2025-06-23,43.77,15.64,22,Active,6.79
M01211,West,Residential,2025-04-16,41.37,13.94,17,Active,6.76
M01212,Central,Industrial,2025-03-04,114.46,48.99,15,Active,10.4
M01213,Central,Commercial,2025-03-17,53.54,36.85,20,Active,8.38
M01214,East,Commercial,2025-11-12,50.97,23.9,19,Active,8.19
M01215,North,Industrial,2025-11-17,100.28,53.51,22,Active,10.48
M01216,Central,Residential,2025-03-22,22.41,7.61,16,Active,6.26
M01217,Central,Commercial,2025-12-27,48.34,24.0,27,Active,8.15
M01218,South,Residential,2025-05-08,27.14,18.64,21,Active,6.47
M01219,West,Industrial,2025-07-02,128.13,81.58,27,Active,10.58
M01220,North,Residential,2025-08-31,51.51,14.97,23,Active,6.11
M01221,South,Industrial,2025-07-04,94.6,64.43,20,Active,9.75
M01222,East,Residential,2025-08-08,28.49,11.02,16,Active,6.62
M01223,East,Residential,2025-03-12,40.66,23.7,22,Active,6.37
M01224,Central,Commercial,2025-12-08,58.87,19.03,23,Active,8.94
M01225,Central,Residential,2025-06-03,36.54,21.46,16,Active,6.88
M01226,East,Commercial,2025-09-02,46.88,12.56,14,Active,9.1
M01227,Central,Residential,2025-05-20,41.09,22.61,27,Active,6.26
M01228,North,Commercial,2025-03-12,66.4,38.05,15,Active,8.84
M01229,Central,Residential,2025-02-15,19.97,7.43,19,Active,7.01
M01230,West,Residential,2025-02-16,24.65,17.71,18,Active,6.08
M01231,Central,Residential,2025-03-20,24.36,6.65,16,Active,6.05
M01232,South,Residential,2025-05-29,22.54,15.68,19,Active,6.73
M01233,North,Residential,2025-05-10,20.88,9.21,32,Active,6.76
M01234,South,Residential,2025-05-07,23.08,14.01,11,Active,6.51
M01235,South,Residential,2025-12-31,27.59,15.89,21,Active,6.05
M01236,West,Residential,2025-04-29,33.34,11.14,20,Active,6.52
M01237,North,Commercial,2025-12-23,56.16,23.0,13,Active,8.83
M01238,North,Industrial,2025-09-19,122.0,62.81,19,Active,10.41
M01239,North,Residential,2025-09-01,22.25,14.98,17,Active,6.64
M01240,North,Commercial,2025-04-13,47.01,34.2,18,Active,8.68
M01241,North,Commercial,2025-02-06,56.08,14.6,21,Active,8.87
M01242,West,Residential,2025-05-22,20.21,8.62,15,Active,6.58
M01243,Central,Commercial,2025-02-06,52.03,30.39,18,Active,8.34
M01244,South,Residential,2025-01-08,33.71,17.32,11,Active,6.29
M01245,North,Residential,2025-08-19,35.92,25.92,16,Active,6.98
M01246,Central,Residential,2025-11-29,25.4,6.57,18,Active,6.63
M01247,Central,Commercial,2025-10-23,64.76,30.36,22,Faulty,8.81
M01248,South,Commercial,2025-04-17,48.91,28.58,19,Active,8.61
M01249,West,Residential,2025-12-14,34.81,12.49,23,Active,7.06
M01250,East,Residential,2025-01-18,20.79,12.74,21,Active,6.65
M01251,East,Industrial,2025-11-09,156.83,45.58,23,Active,10.78
M01252,Central,Residential,2025-03-24,45.17,21.48,21,Active,6.32
M01253,South,Residential,2025-10-15,24.81,14.59,12,Active,6.18
M01254,East,Industrial,2025-07-13,103.99,39.87,22,Active,9.99
M01255,Central,Commercial,2025-08-03,50.42,14.47,19,Active,9.19
M01256,West,Commercial,2025-10-08,65.25,47.54,25,Active,9.11
M01257,East,Commercial,2025-08-08,74.16,52.42,12,Active,8.32
M01258,Central,Industrial,2025-10-16,120.5,85.94,16,Active,10.28
M01259,Central,Residential,2025-12-10,47.22,34.91,19,Active,6.77
M01260,North,Residential,2025-07-13,44.52,15.24,18,Active,6.38
M01261,West,Residential,2025-06-07,35.01,11.51,15,Active,6.31
M01262,North,Industrial,2025-04-14,103.93,27.76,16,Active,10.01
M01263,South,Commercial,2025-02-03,56.47,39.3,18,Active,9.03
M01264,North,Residential,2025-04-12,25.45,15.94,22,Active,6.25
M01265,North,Industrial,2025-05-07,100.7,57.06,17,Active,10.08
M01266,East,Residential,2025-08-02,27.86,19.89,17,Faulty,6.63
M01267,Central,Residential,2025-11-21,22.26,11.97,14,Active,7.22
M01268,West,Residential,2025-10-23,29.41,9.26,16,Active,6.39
M01269,North,Residential,2025-06-28,30.26,10.24,18,Active,6.03
M01270,West,Industrial,2025-03-21,95.24,30.1,19,Active,10.4
M01271,North,Residential,2025-05-21,41.8,16.88,20,Active,6.98
M01272,South,Commercial,2025-01-31,61.41,27.0,20,Active,8.91
M01273,North,Commercial,2025-03-04,49.7,32.23,14,Active,8.91
M01274,East,Residential,2025-02-17,33.79,11.68,14,Active,6.63
M01275,Central,Industrial,2025-03-28,99.13,60.74,11,Faulty,9.52
M01276,South,Residential,2025-10-31,29.24,14.49,17,Active,6.95
M01277,North,Residential,2025-03-02,31.62,23.71,17,Active,7.22
M01278,West,Residential,2025-11-30,49.47,31.58,19,Active,6.2
M01279,South,Industrial,2025-10-01,99.32,72.95,15,Active,9.59
M01280,South,Residential,2025-10-11,35.54,14.97,17,Active,6.34
M01281,North,Residential,2025-03-21,25.98,8.09,23,Faulty,7.1
M01282,South,Residential,2025-06-29,41.13,20.69,17,Active,6.14
M01283,West,Residential,2025-09-29,35.91,11.21,18,Active,6.93
M01284,South,Commercial,2025-03-18,56.97,28.27,12,Active,8.08
M01285,West,Residential,2025-08-09,46.58,17.93,14,Active,6.04
M01286,North,Residential,2025-10-09,64.88,32.15,23,Active,7.16
M01287,Central,Residential,2025-01-28,30.0,21.74,22,Active,7.0
M01288,South,Residential,2025-12-27,35.81,14.13,18,Active,6.78
M01289,Central,Industrial,2025-03-18,103.93,77.61,15,Active,9.72
M01290,West,Residential,2025-06-13,87.94,32.07,24,Active,6.36
M01291,South,Industrial,2025-01-09,102.16,36.17,19,Active,9.56
M01292,East,Residential,2025-06-24,26.73,13.96,20,Active,6.84
M01293,Central,Residential,2025-11-03,27.44,18.41,12,Active,6.89
M01294,South,Industrial,2025-03-17,118.82,74.23,19,Active,9.92
M01295,Central,Residential,2025-09-02,42.85,26.21,17,Active,6.44
M01296,South,Commercial,2025-05-02,68.62,26.85,23,Active,8.82
M01297,North,Industrial,2025-07-04,115.2,30.1,21,Active,10.73
M01298,Central,Residential,2025-02-01,43.18,14.29,17,Active,6.51
M01299,East,Residential,2025-09-07,35.36,15.02,16,Active,6.64
M01300,East,Commercial,2025-02-26,62.46,45.96,12,Active,8.91
M01301,West,Residential,2025-11-06,27.23,19.33,24,Active,6.45
M01302,South,Residential,2025-05-24,29.6,10.37,17,Active,7.13
M01303,Central,Residential,2025-11-14,43.63,26.74,15,Faulty,7.1
M01304,West,Residential,2025-03-25,25.19,13.59,14,Active,6.88
M01305,Central,Commercial,2025-02-25,59.67,16.4,20,Active,8.7
M01306,South,Residential,2025-10-06,27.81,12.12,16,Active,7.28
M01307,East,Residential,2025-09-30,24.4,12.03,18,Active,6.91
M01308,North,Commercial,2025-06-15,90.2,52.66,19,Active,8.84
M01309,East,Residential,2025-06-07,37.21,14.79,16,Faulty,7.14
M01310,West,Residential,2025-09-06,26.21,18.79,20,Active,6.72
M01311,North,Commercial,2025-07-05,99.74,47.47,16,Active,8.32
M01312,West,Residential,2025-03-19,23.44,8.77,16,Active,6.18
M01313,South,Commercial,2025-01-22,92.18,37.63,21,Active,8.61
M01314,North,Industrial,2025-04-18,106.65,66.76,19,Active,10.17
M01315,West,Residential,2025-09-30,26.34,15.02,22,Active,7.08
M01316,South,Residential,2025-09-09,23.14,14.37,23,Active,6.18
M01317,East,Residential,2025-01-15,41.58,16.47,19,Active,6.89
M01318,South,Residential,2025-10-31,52.76,21.81,21,Active,6.4
M01319,Central,Industrial,2025-06-09,94.4,42.33,16,Active,10.72
M01320,South,Industrial,2025-07-24,92.53,31.86,23,Active,10.11
M01321,South,Residential,2025-04-23,35.75,21.29,17,Active,6.81
M01322,Central,Commercial,2025-06-17,56.79,23.55,12,Active,8.85
M01323,West,Industrial,2025-12-19,106.6,44.04,15,Active,9.62
M01324,West,Industrial,2025-09-10,99.75,38.37,21,Active,10.61
M01325,South,Residential,2025-07-05,30.66,14.61,22,Faulty,6.21
M01326,Central,Residential,2025-12-13,55.05,35.01,18,Active,6.52
M01327,Central,Residential,2025-08-15,34.72,23.19,12,Active,6.87
M01328,East,Industrial,2025-01-16,118.81,77.49,20,Active,9.57
M01329,West,Residential,2025-06-05,23.96,13.43,17,Active,6.75
M01330,North,Commercial,2025-12-20,50.6,19.74,9,Active,8.53
M01331,West,Residential,2025-04-21,55.5,34.27,15,Active,6.08
M01332,West,Residential,2025-01-01,25.72,6.94,17,Active,6.94
M01333,East,Residential,2025-02-10,43.48,28.22,17,Active,6.65
M01334,North,Industrial,2025-02-17,127.16,81.4,15,Active,9.89
M01335,East,Residential,2025-04-18,29.1,17.02,12,Faulty,6.11
M01336,North,Commercial,2025-06-10,70.62,21.11,20,Active,8.71
M01337,South,Residential,2025-06-10,41.2,30.85,18,Active,6.4
M01338,North,Residential,2025-12-25,22.43,14.09,24,Active,7.23
M01339,East,Residential,2025-05-08,32.69,20.18,20,Active,6.77
M01340,West,Residential,2025-07-29,31.36,8.84,20,Active,6.37
M01341,North,Residential,2025-05-31,31.06,13.96,17,Active,6.69
M01342,North,Residential,2025-09-12,30.09,8.82,19,Faulty,6.7
M01343,Central,Residential,2025-08-06,34.67,14.93,21,Active,6.94
M01344,West,Residential,2025-01-30,36.6,19.59,31,Active,7.17
M01345,South,Industrial,2025-02-14,106.15,73.18,16,Active,10.75
M01346,East,Industrial,2025-03-21,104.93,41.08,19,Active,10.43
M01347,South,Residential,2025-02-08,26.92,15.12,21,Active,6.71
M01348,West,Commercial,2025-08-28,86.51,28.75,17,Active,8.29
M01349,North,Industrial,2025-02-14,90.22,38.52,11,Active,10.02
M01350,North,Residential,2025-03-19,36.05,26.09,20,Active,6.64
M01351,West,Commercial,2025-12-03,53.95,33.66,10,Active,8.17
M01352,North,Industrial,2025-12-15,106.76,55.83,9,Faulty,9.83
M01353,North,Residential,2025-10-15,23.09,8.68,29,Active,7.28
M01354,North,Residential,2025-10-07,65.02,28.6,21,Active,6.98
M01355,East,Industrial,2025-04-26,136.59,44.85,17,Active,10.13
M01356,East,Residential,2025-09-26,44.13,18.83,18,Active,6.29
M01357,Central,Residential,2025-12-01,33.45,10.88,21,Active,6.75
M01358,South,Residential,2025-11-08,27.31,17.69,24,Active,6.3
M01359,West,Residential,2025-02-22,29.26,8.5,16,Active,6.25
M01360,West,Commercial,2025-03-09,99.73,34.38,19,Active,8.12
M01361,West,Commercial,2025-07-01,71.16,42.38,13,Active,8.45
M01362,Central,Industrial,2025-02-03,91.42,64.11,20,Active,10.2
M01363,East,Residential,2025-10-11,64.71,47.39,20,Active,6.21
M01364,Central,Residential,2025-11-02,20.8,13.89,17,Faulty,6.26
M01365,West,Residential,2025-09-06,35.75,12.72,20,Faulty,6.51
M01366,South,Residential,2025-04-21,31.99,12.57,15,Active,6.64
M01367,North,Residential,2025-04-04,50.72,34.76,14,Active,6.99
M01368,East,Industrial,2025-06-28,104.6,72.66,18,Active,10.24
M01369,East,Industrial,2025-02-16,148.32,84.59,14,Active,10.3
M01370,Central,Residential,2025-10-09,32.56,13.25,12,Faulty,6.91
M01371,East,Commercial,2025-12-06,51.4,18.61,19,Active,8.59
M01372,West,Residential,2025-12-28,42.33,28.62,8,Active,6.45
M01373,West,Residential,2025-04-02,22.56,7.96,25,Active,7.04
M01374,Central,Commercial,2025-07-31,50.86,29.54,12,Active,9.08
M01375,West,Residential,2025-03-16,40.59,29.79,14,Faulty,6.2
M01376,South,Industrial,2025-07-21,135.93,81.92,13,Active,10.74
M01377,Central,Commercial,2025-10-24,81.14,30.74,13,Active,9.21
M01378,South,Residential,2025-11-04,28.45,11.13,18,Active,7.13
M01379,North,Commercial,2025-07-30,58.89,17.46,25,Active,8.55
M01380,South,Residential,2025-12-04,27.51,16.32,19,Active,7.09
M01381,North,Residential,2025-05-14,27.47,13.99,17,Active,6.82
M01382,North,Residential,2025-11-26,27.96,9.88,20,Active,6.27
M01383,South,Residential,2025-03-07,49.23,17.91,21,Active,7.01
M01384,Central,Commercial,2025-10-07,84.56,21.52,16,Active,8.53
M01385,West,Residential,2025-01-28,42.02,31.06,20,Active,6.38
M01386,West,Commercial,2025-04-27,50.48,33.52,23,Active,9.14
M01387,North,Commercial,2025-11-13,60.55,27.07,20,Active,9.12
M01388,North,Residential,2025-11-21,31.27,22.61,24,Active,7.12
M01389,Central,Commercial,2025-04-24,68.04,40.05,15,Active,9.12
M01390,East,Residential,2025-03-16,38.96,24.38,18,Faulty,6.72
M01391,South,Residential,2025-07-21,41.64,24.57,17,Active,6.8
M01392,North,Residential,2025-02-28,28.85,18.13,19,Active,7.23
M01393,West,Residential,2025-01-15,23.53,7.89,23,Active,6.17
M01394,Central,Residential,2025-08-19,36.58,19.43,13,Active,7.05
M01395,South,Commercial,2025-04-15,50.66,34.18,16,Active,8.68
M01396,Central,Residential,2025-06-14,36.77,9.55,21,Active,7.27
M01397,South,Residential,2025-07-18,55.26,17.23,26,Active,6.83
M01398,South,Industrial,2025-12-20,107.89,40.22,27,Active,9.71
M01399,North,Commercial,2025-02-04,68.71,27.3,19,Active,9.06
M01400,Central,Industrial,2025-06-11,93.21,31.82,20,Active,10.37
M01401,Central,Residential,2025-09-02,30.12,16.93,15,Active,6.19
M01402,West,Commercial,2025-10-14,60.24,23.92,20,Active,8.01
M01403,West,Industrial,2025-01-19,114.11,37.55,16,Active,10.21
M01404,North,Commercial,2025-10-07,59.22,41.63,16,Active,8.31
M01405,North,Commercial,2025-12-06,58.9,35.19,20,Active,9.13
M01406,East,Residential,2025-12-14,24.59,9.17,25,Active,6.33
M01407,West,Residential,2025-07-01,37.33,16.07,31,Active,6.86
M01408,South,Residential,2025-05-27,81.32,50.45,16,Faulty,6.45
M01409,Central,Residential,2025-06-25,49.18,31.74,21,Active,6.46
M01410,North,Industrial,2025-06-12,119.13,40.29,16,Active,9.74
M01411,Central,Residential,2025-06-24,49.26,35.38,12,Active,6.65
M01412,Central,Industrial,2025-02-16,106.29,68.31,21,Active,10.25
M01413,East,Industrial,2025-09-13,99.39,67.43,20,Active,10.26
M01414,West,Residential,2025-06-23,34.02,10.95,15,Active,7.11
M01415,North,Residential,2025-04-13,22.86,7.35,23,Active,6.85
M01416,Central,Industrial,2025-05-01,93.61,37.7,18,Active,10.46
M01417,North,Industrial,2025-12-16,99.93,28.21,15,Active,9.92
M01418,South,Residential,2025-05-25,33.83,10.0,20,Active,6.55
M01419,East,Residential,2025-02-11,24.07,7.74,15,Active,6.02
M01420,South,Residential,2025-01-29,28.09,17.03,14,Active,6.1
M01421,North,Commercial,2025-09-30,73.51,19.49,13,Faulty,8.5
M01422,North,Residential,2025-01-14,57.58,16.79,19,Active,6.27
M01423,West,Commercial,2025-11-02,49.1,35.45,16,Active,9.06
M01424,Central,Residential,2025-11-09,29.13,8.5,15,Active,6.88
M01425,Central,Residential,2025-07-08,56.99,29.56,13,Faulty,7.26
M01426,South,Residential,2025-12-26,48.51,27.71,19,Faulty,7.15
M01427,East,Residential,2025-10-22,46.5,33.91,22,Active,7.27
M01428,Central,Residential,2025-07-02,31.7,22.19,13,Active,6.47
M01429,West,Residential,2025-12-18,36.91,17.36,21,Active,6.63
M01430,South,Residential,2025-02-05,43.08,31.06,12,Faulty,6.48
M01431,South,Residential,2025-02-06,67.19,31.32,16,Active,7.25
M01432,West,Residential,2025-01-14,26.84,15.7,18,Active,6.52
M01433,East,Industrial,2025-05-03,105.85,40.2,13,Active,9.65
M01434,West,Residential,2025-03-24,31.6,17.96,24,Active,6.33
M01435,East,Residential,2025-06-08,30.34,15.75,20,Active,6.55
M01436,West,Commercial,2025-11-25,68.66,38.0,27,Active,8.78
M01437,West,Industrial,2025-04-12,113.41,67.06,23,Active,10.3
M01438,North,Residential,2025-12-03,33.98,11.44,17,Active,6.99
M01439,South,Commercial,2025-03-24,80.95,32.43,23,Active,8.84
M01440,West,Commercial,2025-02-13,69.96,43.24,23,Faulty,8.64
M01441,West,Commercial,2025-03-09,74.95,24.88,23,Active,8.04
M01442,Central,Residential,2025-02-17,26.91,11.36,12,Active,6.9
M01443,South,Commercial,2025-02-26,61.42,35.82,18,Active,8.11
M01444,Central,Residential,2025-03-16,47.22,33.94,20,Active,6.61
M01445,South,Commercial,2025-01-22,51.25,14.74,20,Active,9.17
M01446,Central,Commercial,2025-05-12,69.05,35.1,17,Faulty,8.78
M01447,West,Residential,2025-10-29,24.13,7.02,11,Active,6.26
M01448,West,Commercial,2025-09-24,70.63,31.05,18,Active,9.05
M01449,North,Residential,2025-10-14,28.64,9.67,14,Active,6.39
M01450,Central,Commercial,2025-04-30,65.23,37.49,24,Active,8.75
M01451,East,Residential,2025-09-03,27.82,17.5,20,Active,6.83
M01452,North,Residential,2025-02-25,24.95,9.32,22,Active,6.95
M01453,Central,Residential,2025-02-07,51.99,31.53,15,Active,6.08
M01454,Central,Industrial,2025-09-02,95.15,45.04,17,Active,10.61
M01455,North,Residential,2025-01-21,25.56,10.01,16,Active,6.15
M01456,West,Residential,2025-04-20,55.81,28.56,23,Active,6.12
M01457,Central,Residential,2025-04-04,27.69,12.18,20,Active,6.59
M01458,West,Commercial,2025-05-16,50.31,18.36,10,Active,8.48
M01459,North,Residential,2025-08-19,35.68,22.42,25,Active,6.07
M01460,West,Residential,2025-01-08,30.09,19.52,18,Active,6.22
M01461,South,Residential,2025-11-24,26.64,17.32,23,Faulty,6.57
M01462,East,Residential,2025-10-17,39.93,17.61,12,Active,7.08
M01463,Central,Residential,2025-09-08,21.2,7.1,17,Active,6.16
M01464,East,Residential,2025-12-27,32.8,21.98,21,Active,6.14
M01465,West,Commercial,2025-03-28,49.08,20.35,20,Active,9.05
M01466,Central,Residential,2025-07-23,51.13,31.91,23,Active,6.64
M01467,West,Residential,2025-08-07,75.11,49.48,11,Active,6.47
M01468,South,Residential,2025-08-29,25.58,16.22,15,Active,6.6
M01469,North,Industrial,2025-11-16,107.78,47.95,18,Active,10.03
M01470,Central,Industrial,2025-09-15,92.71,66.66,18,Active,10.52
M01471,South,Commercial,2025-04-19,48.79,28.3,18,Active,8.01
M01472,South,Residential,2025-09-13,27.72,14.91,23,Active,6.56
M01473,Central,Residential,2025-10-09,29.44,17.63,25,Active,6.21
M01474,West,Residential,2025-08-08,26.75,7.29,18,Active,6.4
M01475,South,Residential,2025-03-24,31.29,13.93,12,Active,6.15
M01476,East,Residential,2025-04-17,40.98,28.3,18,Active,6.56
M01477,South,Commercial,2025-03-10,60.0,19.83,18,Active,8.84
M01478,West,Industrial,2025-04-07,110.59,50.56,13,Active,10.36
M01479,West,Commercial,2025-07-31,50.09,22.67,26,Active,9.04
M01480,East,Residential,2025-10-13,31.33,13.41,14,Faulty,7.06
M01481,South,Commercial,2025-08-25,88.43,46.97,26,Active,8.78
M01482,West,Residential,2025-01-08,25.95,19.41,20,Active,6.46
M01483,Central,Residential,2025-10-21,35.24,13.32,18,Faulty,6.07
M01484,North,Commercial,2025-07-08,62.96,37.93,22,Faulty,8.05
M01485,North,Residential,2025-03-22,24.93,15.68,12,Active,6.15
M01486,North,Residential,2025-04-18,22.7,12.31,24,Active,7.28
M01487,South,Residential,2025-11-17,32.0,9.56,16,Active,7.02
M01488,East,Commercial,2025-03-08,58.92,31.59,19,Active,8.53
M01489,West,Commercial,2025-06-23,56.14,40.8,17,Active,8.61
M01490,Central,Residential,2025-12-12,82.03,34.54,20,Active,6.96
M01491,Central,Commercial,2025-12-17,51.35,29.26,10,Active,8.67
M01492,South,Residential,2025-11-24,30.89,22.54,23,Active,6.47
M01493,North,Residential,2025-02-12,54.06,35.08,19,Active,6.45
M01494,South,Commercial,2025-07-06,49.03,29.13,13,Active,8.27
M01495,East,Commercial,2025-10-29,61.67,45.36,23,Active,9.15
M01496,East,Industrial,2025-07-19,99.76,33.45,24,Active,10.04
M01497,West,Residential,2025-02-08,32.4,20.62,22,Active,6.98
M01498,West,Commercial,2025-08-08,67.3,30.52,19,Faulty,8.75
M01499,East,Commercial,2025-11-03,47.78,20.56,16,Faulty,8.98
M01500,East,Industrial,2025-01-04,116.56,59.48,17,Active,9.92
M01501,East,Residential,2025-05-01,35.9,9.58,26,Active,6.98
M01502,South,Commercial,2025-12-02,52.48,21.32,16,Active,9.03
M01503,East,Commercial,2025-03-18,53.68,17.88,25,Active,8.14
M01504,Central,Residential,2025-06-28,21.2,6.77,9,Active,6.12
M01505,North,Residential,2025-05-13,32.6,13.65,18,Active,7.28
M01506,East,Residential,2025-11-07,32.22,20.98,19,Active,6.15
M01507,North,Commercial,2025-08-17,55.97,19.62,15,Active,8.89
M01508,South,Industrial,2025-10-03,99.29,51.2,16,Faulty,10.47
M01509,North,Commercial,2025-06-01,88.39,55.18,13,Active,8.08
M01510,South,Commercial,2025-06-13,67.0,24.82,15,Active,8.97
M01511,Central,Residential,2025-10-17,26.04,18.54,20,Active,6.55
M01512,South,Residential,2025-04-19,29.69,20.29,26,Active,6.36
M01513,South,Residential,2025-05-06,28.72,10.79,14,Active,6.86
M01514,West,Residential,2025-08-28,26.47,19.72,19,Active,7.08
M01515,East,Residential,2025-11-06,35.52,20.76,24,Active,6.74
M01516,East,Residential,2025-12-11,38.18,15.01,13,Active,7.13
M01517,Central,Residential,2025-05-26,29.88,17.64,16,Active,6.03
M01518,Central,Residential,2025-09-09,21.93,12.79,13,Active,6.96
M01519,East,Residential,2025-07-02,44.45,24.59,14,Active,6.22
M01520,West,Residential,2025-11-05,21.27,12.89,21,Active,6.37
M01521,East,Residential,2025-11-02,28.96,11.13,18,Active,6.74
M01522,West,Industrial,2025-03-13,103.89,76.83,16,Active,9.86
M01523,Central,Industrial,2025-08-07,96.37,65.43,15,Active,9.72
M01524,North,Commercial,2025-07-26,50.37,31.37,20,Active,9.15
M01525,Central,Residential,2025-06-22,28.9,7.61,15,Active,7.18
M01526,Central,Commercial,2025-05-21,73.25,39.94,19,Active,8.05
M01527,South,Commercial,2025-09-29,65.21,39.34,21,Active,8.65
M01528,South,Commercial,2025-08-02,84.86,57.45,16,Active,8.26
M01529,South,Residential,2025-09-26,35.03,25.33,17,Faulty,7.12
M01530,South,Commercial,2025-01-20,89.94,63.67,10,Active,8.6
M01531,West,Commercial,2025-03-07,79.53,36.03,21,Active,8.62
M01532,East,Commercial,2025-10-30,60.49,42.24,14,Faulty,8.82
M01533,North,Commercial,2025-05-27,74.09,18.55,27,Active,8.07
M01534,Central,Residential,2025-06-14,66.17,28.17,16,Faulty,6.17
M01535,West,Residential,2025-11-06,42.61,13.08,15,Active,6.65
M01536,North,Residential,2025-01-06,25.07,17.34,12,Active,7.26
M01537,West,Commercial,2025-01-14,54.09,38.62,8,Active,9.1
M01538,West,Residential,2025-05-12,47.65,18.01,18,Active,7.16
M01539,Central,Residential,2025-12-08,23.27,10.09,24,Active,6.18
M01540,East,Residential,2025-08-31,46.77,34.7,15,Active,7.25
M01541,South,Residential,2025-08-19,40.96,21.83,11,Active,6.95
M01542,East,Residential,2025-08-16,28.09,14.0,9,Active,6.42
M01543,Central,Commercial,2025-06-11,81.49,40.76,15,Active,9.12
M01544,Central,Commercial,2025-10-10,47.24,28.25,17,Active,8.97
M01545,Central,Residential,2025-09-20,51.16,37.21,17,Active,6.96
M01546,North,Residential,2025-05-11,52.27,22.65,23,Active,6.96
M01547,East,Residential,2025-08-13,31.68,10.65,17,Active,7.04
M01548,East,Industrial,2025-09-15,98.39,33.7,21,Active,10.73
M01549,West,Residential,2025-08-22,21.57,5.61,13,Active,6.18
M01550,West,Residential,2025-12-02,24.96,13.17,16,Active,7.3
M01551,West,Residential,2025-11-12,23.36,16.69,18,Active,7.13
M01552,Central,Commercial,2025-01-24,62.4,37.85,17,Active,8.57
M01553,East,Industrial,2025-09-28,116.64,87.07,14,Active,9.7
M01554,Central,Commercial,2025-04-05,51.01,35.95,13,Active,8.59
M01555,North,Commercial,2025-05-22,69.25,34.34,17,Active,9.01
M01556,West,Residential,2025-07-01,30.04,14.82,16,Active,6.78
M01557,Central,Residential,2025-07-25,28.61,16.14,16,Active,6.36
M01558,Central,Residential,2025-03-22,49.22,15.04,17,Active,6.53
M01559,North,Residential,2025-10-01,62.23,34.47,16,Active,7.24
M01560,South,Residential,2025-10-03,41.34,19.93,22,Active,7.04
M01561,East,Residential,2025-07-27,22.08,12.62,14,Active,6.16
M01562,South,Residential,2025-10-23,35.39,18.85,14,Active,6.71
M01563,West,Industrial,2025-02-08,98.27,39.82,17,Active,10.71
M01564,Central,Commercial,2025-10-15,95.39,52.83,18,Active,8.04
M01565,North,Commercial,2025-05-04,69.86,30.25,14,Active,8.06
M01566,North,Commercial,2025-12-30,52.16,18.12,16,Active,8.93
M01567,East,Residential,2025-10-10,29.65,17.42,19,Active,6.75
M01568,South,Commercial,2025-06-29,59.31,23.91,20,Active,8.06
M01569,East,Residential,2025-04-07,23.5,16.32,17,Active,7.29
M01570,Central,Commercial,2025-07-10,61.31,21.44,17,Active,8.75
M01571,East,Residential,2025-03-15,48.19,26.51,15,Active,6.64
M01572,North,Industrial,2025-09-30,92.85,49.75,21,Active,10.08
M01573,North,Residential,2025-02-18,28.12,9.81,14,Active,6.91
M01574,West,Residential,2025-12-03,54.5,25.61,23,Active,6.6
M01575,West,Industrial,2025-07-29,137.97,81.09,26,Active,10.36
M01576,Central,Residential,2025-04-26,38.9,15.92,13,Active,6.63
M01577,South,Commercial,2025-01-23,51.55,15.82,23,Active,8.79
M01578,East,Commercial,2025-04-08,69.38,38.69,21,Active,9.05
M01579,Central,Commercial,2025-11-24,72.12,26.11,21,Faulty,9.06
M01580,West,Industrial,2025-11-09,106.97,63.19,20,Active,10.6
M01581,East,Industrial,2025-07-09,100.08,67.03,25,Active,9.76
M01582,West,Residential,2025-07-01,41.25,12.86,18,Active,6.08
M01583,East,Commercial,2025-05-28,58.01,27.2,24,Active,9.09
M01584,South,Commercial,2025-12-08,69.58,32.87,16,Active,8.05
M01585,Central,Commercial,2025-01-23,51.56,29.2,18,Active,8.28
M01586,East,Residential,2025-04-15,25.1,10.47,21,Active,6.68
M01587,North,Commercial,2025-06-12,68.52,31.47,16,Active,9.11
M01588,North,Industrial,2025-03-08,96.57,24.72,14,Active,10.67
M01589,East,Industrial,2025-10-17,103.63,32.25,14,Active,10.32
M01590,East,Residential,2025-10-16,30.4,16.26,16,Faulty,7.26
M01591,East,Residential,2025-02-15,23.73,8.49,18,Active,6.95
M01592,North,Residential,2025-03-22,26.33,8.49,13,Active,6.69
M01593,North,Commercial,2025-05-27,47.02,19.38,13,Active,8.17
M01594,East,Commercial,2025-08-10,61.36,20.36,17,Active,8.56
M01595,West,Residential,2025-12-09,23.19,6.49,18,Active,7.07
M01596,West,Residential,2025-01-15,25.83,10.12,16,Active,6.37
M01597,South,Residential,2025-05-01,38.67,12.85,16,Active,6.75
M01598,Central,Residential,2025-03-19,55.11,35.8,15,Active,7.28
M01599,West,Industrial,2025-11-18,101.41,28.53,19,Active,9.73
M01600,North,Commercial,2025-10-22,51.89,32.36,25,Faulty,8.13
M01601,West,Residential,2025-08-29,28.31,12.5,23,Active,7.03
M01602,South,Residential,2025-01-18,22.95,13.49,17,Active,6.03
M01603,South,Residential,2025-09-13,41.04,11.34,13,Active,6.84
M01604,Central,Industrial,2025-10-04,92.43,65.66,24,Active,9.94
M01605,West,Residential,2025-01-27,37.23,23.59,17,Active,6.94
M01606,North,Residential,2025-01-02,36.6,11.71,14,Active,6.16
M01607,North,Residential,2025-12-19,50.85,18.28,21,Active,6.43
M01608,East,Commercial,2025-10-22,58.28,33.34,16,Active,8.02
M01609,North,Commercial,2025-11-08,49.65,35.29,21,Active,8.31
M01610,Central,Commercial,2025-12-29,64.07,30.3,19,Active,8.63
M01611,Central,Residential,2025-08-27,42.23,20.81,13,Faulty,6.23
M01612,North,Residential,2025-01-13,48.65,17.95,16,Active,6.78
M01613,North,Residential,2025-07-03,29.04,12.82,22,Active,6.15
M01614,East,Commercial,2025-07-13,68.45,26.9,16,Active,8.97
M01615,North,Residential,2025-02-25,36.37,15.47,19,Active,7.2
M01616,East,Commercial,2025-08-18,55.89,14.55,15,Active,8.5
M01617,East,Industrial,2025-01-28,96.77,26.18,16,Active,10.19
M01618,North,Industrial,2025-11-16,99.37,58.66,18,Active,10.14
M01619,South,Residential,2025-03-12,29.34,17.34,17,Active,7.02
M01620,South,Residential,2025-07-29,21.98,9.12,23,Active,7.29
M01621,East,Residential,2025-07-03,41.7,28.89,16,Active,6.96
M01622,North,Commercial,2025-12-22,75.42,28.89,18,Faulty,8.28
M01623,South,Commercial,2025-02-10,100.66,45.08,20,Active,8.9
M01624,North,Residential,2025-09-17,24.71,15.21,15,Active,6.8
M01625,North,Residential,2025-12-10,35.98,22.37,16,Active,6.27
M01626,North,Commercial,2025-03-25,72.01,49.01,17,Active,8.31
M01627,West,Industrial,2025-02-15,128.34,33.95,23,Active,10.35
M01628,North,Residential,2025-06-08,25.69,8.78,19,Active,7.05
M01629,West,Commercial,2025-12-10,69.26,39.5,21,Active,8.99
M01630,East,Residential,2025-01-07,32.43,13.59,22,Active,6.79
M01631,South,Residential,2025-11-29,21.34,5.8,14,Active,7.22
M01632,South,Industrial,2025-05-16,119.6,64.97,16,Active,10.45
M01633,South,Commercial,2025-07-02,66.27,29.59,16,Active,8.7
M01634,South,Commercial,2025-07-16,52.55,22.7,22,Active,9.06
M01635,South,Residential,2025-06-21,34.93,13.35,19,Active,6.38
M01636,South,Commercial,2025-12-15,55.38,14.01,16,Active,8.34
M01637,South,Residential,2025-10-03,23.83,8.13,23,Active,7.26
M01638,East,Residential,2025-03-19,28.81,14.03,14,Active,7.23
M01639,North,Residential,2025-06-27,21.19,8.22,16,Faulty,7.14
M01640,Central,Residential,2025-01-27,55.47,38.12,18,Active,6.28
M01641,West,Commercial,2025-04-30,81.09,26.07,18,Active,8.76
M01642,Central,Commercial,2025-10-08,51.42,35.36,16,Active,8.7
M01643,Central,Residential,2025-11-04,48.95,22.15,20,Active,6.26
M01644,North,Residential,2025-07-15,25.65,9.95,16,Active,6.58
M01645,North,Residential,2025-10-04,48.17,19.37,19,Active,6.6
M01646,North,Residential,2025-01-18,51.91,21.54,19,Active,6.31
M01647,South,Commercial,2025-10-22,74.06,37.27,23,Active,9.24
M01648,East,Commercial,2025-09-28,47.01,20.07,14,Faulty,8.64
M01649,South,Residential,2025-02-22,28.19,16.17,17,Active,6.68
M01650,East,Residential,2025-10-21,47.39,21.92,24,Active,6.78
M01651,East,Commercial,2025-02-21,72.55,42.5,12,Active,9.15
M01652,Central,Commercial,2025-08-04,52.27,28.86,28,Active,8.69
M01653,Central,Residential,2025-03-13,34.46,12.83,21,Active,6.7
M01654,East,Residential,2025-01-28,46.76,30.69,14,Active,6.31
M01655,East,Commercial,2025-09-09,73.57,47.78,17,Active,8.78
M01656,South,Residential,2025-02-04,48.26,35.93,11,Active,6.5
M01657,South,Residential,2025-07-20,41.32,13.95,18,Active,6.84
M01658,Central,Commercial,2025-09-06,72.65,48.96,21,Active,8.39
M01659,North,Commercial,2025-04-09,71.57,49.1,12,Active,8.93
M01660,East,Commercial,2025-11-04,69.83,39.88,14,Active,8.8
M01661,South,Commercial,2025-05-20,57.36,28.86,16,Active,8.62
M01662,Central,Commercial,2025-03-24,55.9,40.73,13,Active,8.13
M01663,South,Residential,2025-02-17,49.1,36.15,21,Active,6.82
M01664,East,Residential,2025-10-05,24.13,13.77,19,Active,7.12
M01665,East,Residential,2025-09-05,29.34,12.61,19,Active,6.22
M01666,West,Residential,2025-06-26,30.29,19.95,18,Faulty,6.11
M01667,North,Commercial,2025-02-21,64.75,19.08,13,Active,8.05
M01668,West,Industrial,2025-03-20,108.82,43.02,17,Active,9.54
M01669,Central,Industrial,2025-11-18,143.98,106.95,23,Active,10.59
M01670,South,Commercial,2025-03-05,60.84,39.98,24,Active,8.95
M01671,Central,Residential,2025-01-08,29.68,21.36,19,Active,6.26
M01672,East,Residential,2025-08-02,32.9,18.01,25,Active,7.19
M01673,West,Commercial,2025-01-25,54.2,24.6,12,Active,8.18
M01674,West,Commercial,2025-09-13,52.19,38.61,16,Active,8.49
M01675,West,Commercial,2025-08-31,57.14,23.13,19,Active,8.59
M01676,Central,Commercial,2025-07-17,82.19,51.67,21,Active,8.1
M01677,East,Commercial,2025-04-04,70.01,37.04,21,Active,8.45
M01678,South,Commercial,2025-07-26,61.11,22.26,25,Active,8.13
M01679,South,Residential,2025-01-15,41.31,10.69,12,Active,7.03
M01680,Central,Commercial,2025-06-27,56.58,25.0,28,Active,8.06
M01681,West,Industrial,2025-03-16,94.59,49.55,24,Faulty,9.52
M01682,North,Residential,2025-04-14,58.99,20.15,22,Active,6.95
M01683,Central,Commercial,2025-10-21,57.63,26.35,28,Active,9.02
M01684,Central,Residential,2025-06-17,62.18,34.67,24,Faulty,6.64
M01685,East,Industrial,2025-04-25,97.18,59.03,18,Active,9.91
M01686,South,Residential,2025-02-08,20.61,5.7,13,Active,6.31
M01687,Central,Commercial,2025-12-30,54.04,31.46,24,Active,8.15
M01688,Central,Residential,2025-09-30,28.3,7.88,17,Active,6.63
M01689,West,Commercial,2025-05-15,57.14,15.09,25,Active,8.64
M01690,West,Residential,2025-08-20,31.95,10.42,16,Active,6.59
M01691,North,Residential,2025-02-08,29.86,17.22,28,Active,7.01
M01692,East,Residential,2025-10-18,45.73,12.64,16,Faulty,6.13
M01693,North,Industrial,2025-11-03,101.81,26.52,17,Active,10.37
M01694,West,Residential,2025-02-16,39.74,12.28,24,Active,6.52
M01695,South,Residential,2025-02-05,31.36,22.73,21,Active,6.31
M01696,West,Commercial,2025-11-16,58.41,41.1,18,Active,8.89
M01697,East,Residential,2025-04-05,35.57,10.43,22,Active,6.26
M01698,West,Industrial,2025-12-27,95.88,38.54,13,Active,9.8
M01699,East,Residential,2025-01-13,31.57,22.85,23,Active,7.3
M01700,East,Commercial,2025-05-26,48.46,14.48,19,Active,9.16
M01701,East,Residential,2025-03-06,36.85,10.96,14,Faulty,6.91
M01702,East,Residential,2025-08-16,24.17,7.08,18,Active,6.41
M01703,East,Commercial,2025-08-30,62.94,46.46,16,Active,8.7
M01704,South,Commercial,2025-01-08,58.04,36.08,11,Active,8.16
M01705,North,Commercial,2025-10-31,70.89,25.32,15,Active,8.43
M01706,Central,Residential,2025-12-07,42.69,11.65,14,Active,6.09
M01707,North,Residential,2025-02-12,28.97,21.22,19,Active,6.79
M01708,East,Residential,2025-09-01,40.49,18.74,19,Active,7.11
M01709,South,Industrial,2025-06-30,93.59,51.4,22,Active,10.55
M01710,West,Residential,2025-03-26,43.65,17.01,23,Active,7.11
M01711,South,Residential,2025-06-04,21.59,13.58,18,Active,6.23
M01712,East,Residential,2025-10-02,37.48,13.06,13,Active,6.85
M01713,South,Commercial,2025-01-23,61.34,39.47,16,Active,9.24
M01714,South,Residential,2025-04-25,18.7,6.83,9,Active,7.02
M01715,East,Industrial,2025-11-02,104.74,31.31,20,Active,9.5
M01716,South,Residential,2025-10-26,50.22,24.58,14,Active,7.15
M01717,Central,Industrial,2025-04-09,106.39,69.86,12,Active,10.42
M01718,Central,Residential,2025-04-14,31.18,13.8,11,Active,6.16
M01719,South,Commercial,2025-02-20,77.88,20.59,13,Active,8.41
M01720,West,Industrial,2025-12-28,106.09,55.87,12,Active,9.65
M01721,East,Residential,2025-04-22,35.23,20.79,16,Active,6.95
M01722,Central,Industrial,2025-09-01,100.44,62.31,25,Active,9.5
M01723,West,Residential,2025-06-18,30.81,13.89,22,Active,6.6
M01724,South,Industrial,2025-03-13,97.73,29.17,20,Active,10.8
M01725,West,Commercial,2025-05-19,56.19,30.46,15,Active,9.11
M01726,North,Residential,2025-12-02,28.47,11.81,19,Active,6.76
M01727,Central,Residential,2025-08-19,24.45,17.69,17,Active,6.9
M01728,South,Residential,2025-08-27,33.47,16.78,14,Active,6.78
M01729,East,Residential,2025-09-10,79.22,38.51,16,Active,7.05
M01730,South,Residential,2025-02-18,35.5,14.36,13,Active,7.15
M01731,East,Residential,2025-10-30,41.23,17.29,28,Active,7.0
M01732,South,Residential,2025-03-13,37.84,19.16,26,Active,6.24
M01733,West,Commercial,2025-09-20,55.07,22.21,31,Active,8.48
M01734,West,Residential,2025-11-18,44.9,31.26,20,Active,7.02
M01735,West,Residential,2025-08-10,28.82,13.53,15,Active,7.07
M01736,North,Commercial,2025-03-18,79.97,31.67,19,Active,8.82
M01737,East,Residential,2025-03-03,34.1,11.17,21,Active,6.93
M01738,West,Residential,2025-06-06,33.99,19.92,22,Active,6.23
M01739,North,Residential,2025-10-21,31.38,8.25,15,Active,6.48
M01740,East,Industrial,2025-05-05,108.0,51.3,18,Active,10.2
M01741,South,Commercial,2025-08-17,76.44,40.14,18,Active,9.28
M01742,North,Residential,2025-12-06,30.77,12.92,14,Active,7.04
M01743,Central,Commercial,2025-06-10,67.63,42.26,13,Faulty,8.25
M01744,North,Residential,2025-01-29,26.7,15.7,15,Active,6.46
M01745,North,Commercial,2025-04-24,65.54,48.22,16,Active,8.28
M01746,East,Commercial,2025-03-20,62.09,31.32,13,Active,8.2
M01747,South,Commercial,2025-01-23,53.66,27.84,14,Active,8.16
M01748,Central,Residential,2025-04-16,39.97,14.91,16,Active,7.26
M01749,West,Residential,2025-05-11,34.05,15.08,18,Active,7.18
M01750,West,Residential,2025-12-23,32.6,8.59,19,Active,6.63
M01751,North,Industrial,2025-06-22,94.6,56.25,35,Active,10.21
M01752,East,Commercial,2025-09-21,58.02,23.55,14,Active,9.09
M01753,East,Commercial,2025-12-08,81.09,42.18,23,Active,8.84
M01754,West,Industrial,2025-10-12,115.35,43.54,25,Active,10.45
M01755,Central,Residential,2025-01-02,33.86,18.98,21,Active,7.03
M01756,South,Commercial,2025-08-21,97.44,46.17,21,Active,8.63
M01757,Central,Commercial,2025-09-08,82.81,40.65,12,Active,9.27
M01758,South,Industrial,2025-11-17,144.4,104.16,13,Active,10.32
M01759,West,Industrial,2025-04-18,98.3,59.28,19,Active,10.32
M01760,South,Commercial,2025-10-03,56.67,21.59,9,Active,8.18
M01761,East,Residential,2025-06-29,21.54,10.81,24,Active,7.28
M01762,North,Commercial,2025-08-01,50.49,24.4,18,Active,8.09
M01763,North,Residential,2025-10-20,24.93,16.14,17,Active,7.28
M01764,West,Commercial,2025-03-13,76.07,50.71,22,Active,9.18
M01765,East,Industrial,2025-10-10,121.46,47.58,16,Active,10.61
M01766,Central,Residential,2025-06-24,39.14,25.85,19,Active,6.88
M01767,East,Commercial,2025-05-03,46.1,15.66,22,Faulty,8.79
M01768,North,Residential,2025-08-15,27.11,17.12,24,Active,7.3
M01769,North,Residential,2025-10-28,26.01,9.74,18,Active,7.27
M01770,East,Residential,2025-03-24,23.57,9.4,21,Active,7.06
M01771,East,Commercial,2025-09-10,77.16,52.18,21,Active,8.11
M01772,North,Industrial,2025-05-26,105.96,48.75,20,Active,9.98
M01773,Central,Industrial,2025-04-30,96.38,71.83,23,Active,10.63
M01774,West,Residential,2025-03-06,33.62,10.96,7,Active,6.91
M01775,West,Industrial,2025-10-08,107.44,51.75,14,Active,9.66
M01776,East,Commercial,2025-10-10,64.77,39.91,10,Active,8.45
M01777,West,Residential,2025-04-16,32.97,8.33,24,Active,6.03
M01778,North,Residential,2025-10-27,31.46,10.25,10,Active,7.16
M01779,North,Residential,2025-04-17,23.33,6.07,19,Active,6.97
M01780,East,Industrial,2025-02-05,103.16,77.0,16,Active,10.07
M01781,East,Commercial,2025-05-27,58.75,37.03,18,Faulty,8.99
M01782,East,Commercial,2025-09-19,55.22,24.12,26,Active,9.21
M01783,Central,Residential,2025-06-08,27.79,9.12,14,Faulty,6.36
M01784,West,Commercial,2025-09-22,55.67,16.43,20,Active,8.37
M01785,East,Residential,2025-07-21,33.95,17.52,14,Active,6.63
M01786,South,Residential,2025-06-04,22.97,16.95,15,Active,6.92
M01787,South,Commercial,2025-01-13,52.6,30.89,13,Active,9.29
M01788,North,Residential,2025-10-24,35.41,15.32,15,Active,6.21
M01789,West,Commercial,2025-11-18,64.24,32.15,20,Active,8.44
M01790,East,Residential,2025-03-26,46.99,35.22,20,Active,6.47
M01791,South,Commercial,2025-10-07,104.81,53.39,29,Active,8.94
M01792,West,Residential,2025-09-02,38.97,28.53,16,Active,7.15
M01793,North,Commercial,2025-10-27,51.18,13.21,14,Active,8.24
M01794,Central,Residential,2025-12-28,47.17,28.8,19,Active,6.93
M01795,West,Residential,2025-12-20,26.97,15.2,18,Active,7.18
M01796,West,Industrial,2025-11-12,98.45,58.35,12,Active,9.66
M01797,Central,Residential,2025-01-09,23.12,12.38,15,Active,6.83
M01798,West,Commercial,2025-09-04,66.89,18.2,11,Active,8.26
M01799,North,Industrial,2025-11-08,104.06,33.8,20,Active,10.07
M01800,North,Residential,2025-10-05,46.64,33.17,25,Active,6.16
M01801,Central,Residential,2025-08-26,25.94,9.51,16,Active,6.89
M01802,East,Commercial,2025-07-22,49.81,37.18,17,Active,8.52
M01803,South,Industrial,2025-09-04,119.76,70.63,22,Active,10.24
M01804,East,Industrial,2025-08-23,122.33,57.76,36,Active,10.18
M01805,West,Residential,2025-03-22,26.86,19.07,17,Active,6.9
M01806,South,Commercial,2025-12-22,55.48,35.92,7,Active,9.16
M01807,Central,Residential,2025-01-13,37.56,17.45,15,Active,6.36
M01808,Central,Industrial,2025-11-23,96.88,27.54,26,Active,10.27
M01809,South,Industrial,2025-01-16,93.74,64.13,19,Faulty,10.25
M01810,North,Residential,2025-02-14,30.1,19.04,16,Active,6.41
M01811,South,Residential,2025-11-17,31.83,20.54,18,Faulty,6.65
M01812,West,Residential,2025-05-19,39.88,24.82,14,Active,6.05
M01813,North,Residential,2025-11-22,36.84,14.29,15,Active,6.56
M01814,Central,Commercial,2025-05-28,63.28,42.99,18,Active,8.35
M01815,South,Residential,2025-12-21,31.97,8.03,15,Active,7.12
M01816,East,Residential,2025-08-24,22.91,8.45,23,Active,6.47
M01817,East,Residential,2025-07-10,29.34,8.02,22,Active,6.25
M01818,West,Industrial,2025-04-11,110.5,33.74,20,Active,10.19
M01819,East,Commercial,2025-04-15,60.55,31.26,18,Active,9.05
M01820,South,Residential,2025-09-07,89.44,24.03,15,Active,6.46
M01821,South,Residential,2025-04-04,39.35,13.41,22,Active,7.1
M01822,East,Industrial,2025-08-08,96.98,35.53,30,Active,9.92
M01823,South,Commercial,2025-10-25,64.63,37.33,21,Active,8.96
M01824,West,Residential,2025-12-05,48.43,23.46,19,Faulty,6.15
M01825,North,Residential,2025-05-13,22.14,10.61,17,Active,6.08
M01826,West,Residential,2025-12-27,58.15,36.88,20,Active,6.96
M01827,West,Residential,2025-06-04,47.09,22.53,13,Active,6.48
M01828,South,Commercial,2025-01-28,83.35,35.36,16,Active,8.51
M01829,North,Industrial,2025-10-09,125.4,91.7,20,Active,10.25
M01830,South,Residential,2025-04-26,33.55,8.53,24,Active,7.28
M01831,Central,Commercial,2025-11-01,53.62,21.59,17,Active,8.22
M01832,South,Residential,2025-08-22,39.47,21.89,19,Faulty,6.39
M01833,South,Commercial,2025-01-01,57.93,37.16,23,Active,8.84
M01834,South,Commercial,2025-12-14,53.07,34.93,20,Active,8.91
M01835,North,Residential,2025-08-28,25.85,7.06,15,Active,6.92
M01836,South,Residential,2025-02-27,53.84,32.55,12,Active,6.77
M01837,North,Commercial,2025-12-01,56.51,34.48,16,Active,8.76
M01838,East,Residential,2025-07-02,28.27,10.09,17,Active,6.19
M01839,Central,Residential,2025-12-03,29.1,8.92,18,Active,7.09
M01840,North,Residential,2025-01-26,41.71,26.06,20,Active,6.01
M01841,East,Industrial,2025-03-18,132.21,49.55,13,Active,10.04
M01842,North,Residential,2025-08-05,25.75,6.46,27,Active,6.28
M01843,North,Commercial,2025-11-24,81.52,29.49,21,Active,8.14
M01844,Central,Residential,2025-11-21,40.89,10.86,16,Active,6.42
M01845,West,Commercial,2025-09-19,52.58,19.7,16,Active,8.85
M01846,West,Commercial,2025-01-23,66.4,27.72,25,Active,8.65
M01847,North,Industrial,2025-09-01,102.7,39.61,18,Active,10.64
M01848,South,Residential,2025-06-07,59.58,42.3,14,Active,6.78
M01849,East,Commercial,2025-07-25,52.81,19.34,18,Active,8.33
M01850,South,Commercial,2025-11-06,67.78,32.79,21,Active,8.67
M01851,South,Residential,2025-03-28,22.7,16.54,22,Active,6.3
M01852,North,Residential,2025-09-24,31.78,21.92,14,Active,6.23
M01853,North,Residential,2025-05-14,54.19,21.93,12,Active,7.24
M01854,North,Residential,2025-09-24,55.81,23.06,19,Active,6.61
M01855,North,Industrial,2025-11-29,96.92,52.98,15,Active,10.35
M01856,West,Residential,2025-09-25,21.64,15.34,21,Active,7.14
M01857,North,Residential,2025-02-22,30.63,7.81,25,Active,6.42
M01858,West,Commercial,2025-04-09,67.33,30.07,20,Faulty,9.03
M01859,West,Residential,2025-09-04,27.29,18.42,13,Active,7.03
M01860,North,Residential,2025-02-05,27.2,12.38,21,Active,7.07
M01861,Central,Residential,2025-01-28,42.63,26.01,18,Active,6.25
M01862,East,Industrial,2025-08-08,95.22,56.75,21,Active,10.75
M01863,South,Industrial,2025-04-12,104.53,36.87,18,Active,9.86
M01864,West,Industrial,2025-09-20,110.64,52.53,18,Active,10.51
M01865,East,Residential,2025-09-28,26.36,14.05,9,Active,6.21
M01866,Central,Commercial,2025-08-12,53.3,32.39,13,Active,9.2
M01867,South,Residential,2025-05-19,65.56,43.35,16,Active,6.56
M01868,South,Residential,2025-10-07,47.9,30.18,23,Active,6.87
M01869,West,Residential,2025-10-13,26.85,7.09,23,Active,7.11
M01870,North,Commercial,2025-09-07,50.23,29.4,16,Active,8.37
M01871,Central,Residential,2025-11-18,27.79,13.86,13,Active,6.51
M01872,West,Residential,2025-11-13,38.73,20.8,20,Active,6.41
M01873,Central,Residential,2025-03-19,31.98,13.96,14,Active,6.37
M01874,North,Residential,2025-10-24,25.21,15.3,21,Active,6.66
M01875,North,Commercial,2025-12-04,66.93,39.28,25,Active,8.71
M01876,West,Residential,2025-11-03,23.65,12.76,24,Active,6.1
M01877,North,Commercial,2025-12-17,63.98,43.56,16,Active,8.88
M01878,East,Residential,2025-01-13,67.04,20.18,15,Active,6.55
M01879,South,Commercial,2025-12-12,61.68,24.7,22,Active,9.16
M01880,West,Commercial,2025-03-23,62.26,30.98,15,Active,9.15
M01881,Central,Residential,2025-01-09,25.6,18.67,14,Active,6.94
M01882,East,Residential,2025-08-01,30.61,8.75,12,Active,7.11
M01883,West,Commercial,2025-02-17,55.11,23.07,17,Active,9.2
M01884,North,Commercial,2025-02-18,62.14,44.3,15,Active,8.75
M01885,North,Residential,2025-11-05,27.68,19.35,15,Active,7.26
M01886,North,Residential,2025-02-09,28.33,19.34,16,Active,7.24
M01887,North,Industrial,2025-12-29,118.73,47.99,15,Active,9.64
M01888,Central,Commercial,2025-10-07,60.23,40.56,14,Active,8.68
M01889,East,Residential,2025-08-14,41.66,20.94,17,Active,6.15
M01890,South,Residential,2025-04-18,71.83,40.22,22,Active,6.89
M01891,Central,Residential,2025-09-02,36.1,13.34,23,Active,6.99
M01892,Central,Commercial,2025-09-12,91.01,54.91,18,Active,9.15
M01893,South,Residential,2025-02-02,33.66,13.93,11,Active,6.85
M01894,South,Industrial,2025-01-23,113.41,47.85,16,Active,10.09
M01895,North,Residential,2025-11-29,47.34,26.91,14,Faulty,6.2
M01896,Central,Residential,2025-02-23,30.24,11.19,13,Faulty,6.16
M01897,West,Commercial,2025-11-05,65.98,23.9,15,Faulty,8.63
M01898,South,Industrial,2025-02-18,101.79,44.24,17,Active,10.58
M01899,South,Commercial,2025-03-19,64.79,41.4,27,Active,8.98
M01900,East,Residential,2025-12-02,27.02,9.79,22,Active,7.15
M01901,West,Commercial,2025-12-24,51.49,33.14,12,Active,9.05
M01902,West,Commercial,2025-05-02,53.47,31.96,11,Active,8.27
M01903,South,Residential,2025-12-25,30.77,18.14,21,Active,6.26
M01904,North,Residential,2025-03-31,33.82,16.48,15,Active,6.6
M01905,East,Residential,2025-12-12,46.99,29.27,21,Active,6.25
M01906,West,Residential,2025-07-12,64.02,16.44,22,Active,6.24
M01907,South,Industrial,2025-09-01,100.63,40.53,15,Active,9.85
M01908,West,Residential,2025-05-29,24.73,14.58,20,Active,6.03
M01909,East,Industrial,2025-05-26,124.42,92.52,13,Faulty,10.24
M01910,East,Residential,2025-11-12,45.17,11.35,18,Active,6.52
M01911,Central,Commercial,2025-05-21,57.35,28.96,16,Active,8.31
M01912,South,Residential,2025-10-13,33.76,24.03,22,Active,6.17
M01913,East,Residential,2025-12-05,27.4,18.68,14,Active,6.59
M01914,Central,Residential,2025-04-21,52.72,13.79,23,Active,6.78
M01915,Central,Residential,2025-04-18,36.33,18.7,26,Active,7.27
M01916,West,Commercial,2025-10-08,55.88,14.09,12,Active,8.33
M01917,West,Residential,2025-02-19,37.37,24.1,21,Active,6.03
M01918,Central,Commercial,2025-01-14,65.0,26.29,19,Active,8.96
M01919,West,Residential,2025-05-14,55.99,35.43,17,Active,6.31
M01920,East,Residential,2025-03-17,45.47,32.85,18,Active,6.63
M01921,North,Residential,2025-03-25,22.78,16.81,21,Active,7.05
M01922,East,Industrial,2025-12-09,120.66,84.11,19,Faulty,9.55
M01923,Central,Commercial,2025-06-07,54.34,19.13,21,Active,8.18
M01924,Central,Residential,2025-10-13,50.27,17.46,18,Active,6.13
M01925,East,Residential,2025-11-10,21.65,12.19,22,Active,6.3
M01926,West,Residential,2025-04-04,47.63,24.86,13,Active,6.22
M01927,West,Industrial,2025-10-24,109.24,27.83,22,Active,9.91
M01928,Central,Commercial,2025-04-04,68.14,30.38,15,Faulty,8.97
M01929,South,Residential,2025-02-26,47.63,33.5,18,Faulty,6.06
M01930,West,Commercial,2025-06-13,59.03,41.27,27,Active,8.1
M01931,East,Residential,2025-11-16,28.44,10.01,21,Active,6.73
M01932,West,Industrial,2025-04-08,105.71,46.62,28,Active,10.18
M01933,East,Residential,2025-01-16,26.97,14.3,18,Faulty,6.62
M01934,Central,Commercial,2025-12-10,60.17,40.7,22,Active,8.67
M01935,West,Residential,2025-03-19,26.53,13.69,22,Active,6.96
M01936,East,Commercial,2025-12-12,67.67,49.68,7,Active,8.75
M01937,Central,Commercial,2025-03-13,59.07,38.37,20,Active,8.59
M01938,South,Commercial,2025-09-27,73.56,53.44,19,Active,8.11
M01939,East,Commercial,2025-10-14,54.0,33.25,17,Active,9.27
M01940,South,Industrial,2025-03-07,100.05,68.92,22,Active,9.81
M01941,South,Residential,2025-03-09,46.43,30.9,18,Active,7.13
M01942,North,Residential,2025-07-12,25.29,9.53,19,Active,6.49
M01943,West,Residential,2025-02-24,23.43,8.55,15,Active,6.89
M01944,East,Industrial,2025-06-17,100.07,68.27,14,Active,10.09
M01945,South,Residential,2025-01-25,40.98,11.98,19,Active,6.46
M01946,North,Commercial,2025-05-11,59.07,26.83,21,Active,8.8
M01947,Central,Commercial,2025-11-21,76.56,50.55,17,Active,8.7
M01948,East,Residential,2025-04-12,38.1,25.02,29,Active,6.3
M01949,South,Residential,2025-10-09,51.3,16.38,15,Active,6.44
M01950,West,Residential,2025-10-23,39.93,19.72,18,Active,6.04
M01951,North,Residential,2025-10-21,20.77,10.18,17,Active,6.25
M01952,South,Residential,2025-09-20,35.08,14.45,24,Active,6.44
M01953,West,Residential,2025-04-30,26.51,18.78,16,Active,7.26
M01954,South,Industrial,2025-08-19,107.24,61.83,15,Active,10.19
M01955,East,Industrial,2025-10-18,94.6,70.01,11,Active,10.41
M01956,East,Residential,2025-06-10,71.53,20.27,17,Active,6.88
M01957,East,Residential,2025-06-10,24.45,10.93,20,Active,7.28
M01958,North,Residential,2025-03-19,42.38,28.29,16,Active,6.72
M01959,East,Commercial,2025-02-07,60.1,27.73,21,Active,8.76
M01960,West,Commercial,2025-01-28,51.54,19.63,18,Active,8.39
M01961,South,Residential,2025-04-10,32.7,24.49,19,Active,6.81
M01962,Central,Residential,2025-10-21,52.28,35.89,21,Active,6.99
M01963,West,Commercial,2025-05-04,56.8,29.72,13,Faulty,8.13
M01964,West,Commercial,2025-04-02,64.34,34.16,22,Active,8.62
M01965,East,Residential,2025-09-12,49.79,12.62,22,Active,6.55
M01966,North,Commercial,2025-04-07,65.71,48.66,15,Active,8.15
M01967,South,Residential,2025-01-06,39.32,25.68,19,Active,6.44
M01968,North,Residential,2025-06-18,22.96,6.16,35,Active,6.7
M01969,South,Commercial,2025-09-28,64.26,21.73,18,Active,8.84
M01970,South,Commercial,2025-04-18,61.28,40.48,15,Faulty,8.38
M01971,North,Residential,2025-10-26,55.0,16.14,20,Active,6.62
M01972,West,Industrial,2025-02-16,148.74,107.23,11,Active,10.45
M01973,South,Residential,2025-04-09,36.4,27.3,26,Active,6.55
M01974,North,Commercial,2025-01-14,96.21,66.69,17,Active,9.22
M01975,South,Residential,2025-07-13,29.86,18.5,12,Active,6.04
M01976,Central,Industrial,2025-06-06,123.77,61.1,8,Active,9.84
M01977,West,Industrial,2025-06-03,147.12,42.84,17,Active,9.67
M01978,East,Residential,2025-04-25,35.39,21.77,19,Active,6.7
M01979,South,Industrial,2025-09-15,112.01,50.23,17,Faulty,9.73
M01980,Central,Commercial,2025-05-25,64.46,34.49,20,Active,8.96
M01981,East,Commercial,2025-10-18,53.39,21.18,10,Active,9.19
M01982,East,Residential,2025-01-10,40.42,15.0,18,Active,6.27
M01983,South,Commercial,2025-08-02,78.65,32.42,21,Active,9.18
M01984,North,Industrial,2025-08-21,110.18,72.38,20,Active,10.32
M01985,South,Residential,2025-06-20,50.98,23.62,20,Active,6.26
M01986,Central,Industrial,2025-01-21,106.89,43.38,22,Active,10.46
M01987,East,Residential,2025-01-15,35.96,16.77,23,Active,6.12
M01988,South,Residential,2025-05-06,21.48,5.72,13,Active,6.9
M01989,North,Residential,2025-12-07,22.8,15.85,16,Active,7.12
M01990,South,Commercial,2025-12-07,83.49,43.91,20,Active,9.24
M01991,West,Commercial,2025-08-01,68.31,20.66,19,Active,8.07
M01992,North,Residential,2025-07-07,24.55,9.68,18,Active,6.08
M01993,Central,Industrial,2025-06-21,97.46,72.29,11,Active,10.71
M01994,East,Residential,2025-09-04,24.58,13.43,15,Active,7.03
M01995,South,Residential,2025-01-05,33.99,13.45,16,Active,7.01
M01996,North,Residential,2025-08-19,42.7,19.78,4,Active,6.97
M01997,West,Commercial,2025-07-20,56.18,21.31,22,Active,8.93
M01998,North,Industrial,2025-05-29,105.52,28.06,19,Active,10.3
M01999,West,Commercial,2025-03-13,60.93,40.88,26,Active,9.06
M02000,Central,Commercial,2025-08-14,55.46,21.98,16,Active,8.04
M02001,East,Residential,2025-03-15,39.16,26.21,17,Active,6.96
M02002,Central,Residential,2025-11-03,33.88,16.58,25,Active,6.76
M02003,South,Residential,2025-06-18,39.23,13.39,18,Active,7.18
M02004,North,Residential,2025-09-06,42.84,27.89,23,Active,7.22
M02005,West,Residential,2025-10-07,20.38,8.94,26,Active,6.31
M02006,West,Commercial,2025-06-01,64.51,38.96,17,Faulty,9.03
M02007,North,Residential,2025-08-12,34.61,23.14,23,Faulty,7.24
M02008,North,Commercial,2025-08-13,66.84,48.89,16,Active,8.35
M02009,South,Residential,2025-02-07,52.49,15.37,19,Active,7.11
M02010,Central,Residential,2025-02-13,34.1,8.67,15,Active,6.76
M02011,West,Commercial,2025-07-04,48.04,25.18,16,Active,8.51
M02012,South,Residential,2025-08-29,27.21,10.4,28,Active,7.07
M02013,Central,Industrial,2025-11-27,143.64,69.6,16,Active,10.63
M02014,South,Commercial,2025-12-17,56.16,16.08,21,Active,8.37
M02015,West,Residential,2025-07-29,28.8,14.42,18,Active,7.03
M02016,North,Industrial,2025-01-23,98.43,30.75,17,Active,9.56
M02017,North,Residential,2025-05-04,27.69,18.53,19,Active,6.54
M02018,Central,Residential,2025-03-27,32.37,20.38,19,Active,6.09
M02019,East,Commercial,2025-02-12,46.35,13.3,7,Active,8.38
M02020,Central,Residential,2025-02-09,31.89,21.31,15,Active,7.24
M02021,East,Commercial,2025-10-30,53.83,22.2,19,Active,8.96
M02022,South,Commercial,2025-06-18,55.3,23.58,21,Active,8.98
M02023,South,Industrial,2025-06-24,108.93,37.03,20,Active,9.67
M02024,West,Residential,2025-01-20,28.02,18.71,18,Active,6.75
M02025,East,Residential,2025-04-19,38.66,17.49,21,Active,6.51
M02026,West,Commercial,2025-07-12,54.78,15.03,16,Active,8.95
M02027,North,Residential,2025-09-01,42.1,30.86,13,Active,6.2
M02028,East,Residential,2025-11-20,20.34,7.69,28,Active,6.37
M02029,Central,Residential,2025-10-07,31.19,22.4,15,Active,7.17
M02030,North,Residential,2025-08-16,27.44,10.99,15,Active,6.22
M02031,North,Residential,2025-02-05,30.34,20.2,17,Active,6.82
M02032,Central,Industrial,2025-02-14,106.18,61.81,18,Active,9.91
M02033,North,Industrial,2025-01-28,103.35,70.34,14,Faulty,9.61
M02034,East,Residential,2025-06-03,24.62,18.17,18,Active,6.29
M02035,West,Residential,2025-01-23,24.3,16.66,15,Active,7.13
M02036,North,Residential,2025-07-26,23.91,10.8,17,Faulty,7.18
M02037,East,Industrial,2025-04-01,105.96,69.64,9,Active,10.05
M02038,South,Residential,2025-12-25,40.25,24.38,9,Active,6.81
M02039,East,Commercial,2025-02-07,52.29,14.68,21,Active,8.68
M02040,West,Residential,2025-08-16,54.1,38.68,18,Active,6.36
M02041,East,Commercial,2025-07-21,52.8,25.5,22,Faulty,8.45
M02042,Central,Residential,2025-12-16,40.09,12.72,13,Active,6.68
M02043,West,Commercial,2025-11-05,51.26,23.72,26,Active,8.9
M02044,South,Residential,2025-09-11,37.46,20.66,11,Faulty,6.45
M02045,Central,Commercial,2025-02-07,77.77,41.72,21,Active,8.91
M02046,East,Residential,2025-08-09,26.96,14.49,9,Active,7.25
M02047,West,Commercial,2025-07-06,58.84,22.24,19,Active,8.03
M02048,South,Industrial,2025-02-12,110.2,62.41,17,Faulty,9.71
M02049,Central,Residential,2025-12-25,38.81,27.31,25,Faulty,7.19
M02050,South,Industrial,2025-04-24,121.82,54.13,13,Active,9.59
M02051,East,Commercial,2025-09-17,49.22,27.82,20,Active,8.99
M02052,South,Residential,2025-01-05,31.92,11.87,23,Faulty,6.81
M02053,North,Residential,2025-03-09,24.67,6.76,6,Active,6.06
M02054,Central,Residential,2025-08-16,27.15,14.74,19,Active,6.0
M02055,South,Commercial,2025-05-03,53.02,14.52,13,Active,8.65
M02056,East,Commercial,2025-06-22,59.44,36.36,21,Active,8.15
M02057,East,Residential,2025-12-02,26.77,15.67,14,Active,7.13
M02058,South,Residential,2025-06-02,29.37,12.77,23,Active,6.63
M02059,East,Commercial,2025-09-24,57.64,26.26,16,Active,8.3
M02060,West,Industrial,2025-06-06,108.39,76.84,16,Faulty,9.72
M02061,West,Residential,2025-06-11,38.11,9.78,25,Active,7.09
M02062,West,Industrial,2025-08-02,106.31,56.52,17,Active,10.43
M02063,North,Residential,2025-01-26,31.49,22.41,22,Active,6.93
M02064,South,Residential,2025-10-19,47.28,33.43,22,Active,6.11
M02065,North,Commercial,2025-07-08,52.67,28.56,17,Active,8.81
M02066,East,Residential,2025-05-02,43.26,19.06,15,Active,7.13
M02067,North,Residential,2025-08-18,21.6,6.47,20,Active,7.0
M02068,East,Residential,2025-02-28,29.58,9.97,28,Faulty,6.15
M02069,East,Commercial,2025-04-06,65.3,38.52,21,Active,9.23
M02070,Central,Commercial,2025-09-19,56.02,14.47,16,Active,8.09
M02071,West,Residential,2025-12-20,43.96,30.41,21,Active,6.72
M02072,East,Residential,2025-11-08,35.38,19.25,15,Active,7.23
M02073,Central,Residential,2025-05-16,38.41,10.47,12,Active,7.07
M02074,West,Commercial,2025-12-16,70.24,25.98,13,Active,8.89
M02075,East,Residential,2025-10-10,38.14,20.87,16,Active,7.11
M02076,East,Commercial,2025-04-30,87.24,23.36,26,Active,8.88
M02077,North,Residential,2025-01-25,28.92,18.51,25,Faulty,6.07
M02078,North,Residential,2025-12-08,28.3,20.09,12,Active,6.46
M02079,West,Residential,2025-05-26,44.33,32.39,26,Active,6.56
M02080,East,Residential,2025-01-12,24.12,14.88,17,Active,6.71
M02081,South,Industrial,2025-03-28,102.05,69.23,16,Active,9.8
M02082,North,Residential,2025-04-19,21.65,12.02,19,Faulty,7.15
M02083,West,Residential,2025-12-11,61.34,29.4,24,Active,6.3
M02084,East,Residential,2025-09-23,33.51,20.33,17,Active,6.85
M02085,East,Residential,2025-08-10,22.46,8.13,21,Active,7.14
M02086,South,Residential,2025-03-15,56.52,17.23,16,Active,6.95
M02087,West,Residential,2025-11-29,71.66,45.21,22,Active,6.18
M02088,East,Residential,2025-11-06,32.79,23.91,21,Active,7.24
M02089,North,Commercial,2025-04-12,54.49,29.36,12,Active,8.12
M02090,South,Residential,2025-05-17,35.02,17.2,14,Active,6.26
M02091,West,Residential,2025-07-10,37.39,19.34,15,Active,6.18
M02092,South,Industrial,2025-05-22,94.73,46.34,11,Active,10.37
M02093,North,Residential,2025-12-23,26.58,12.52,14,Active,7.05
M02094,West,Residential,2025-03-14,30.75,22.25,18,Active,6.31
M02095,South,Residential,2025-11-24,28.93,14.17,14,Active,7.27
M02096,Central,Residential,2025-06-16,57.68,16.76,20,Active,6.18
M02097,North,Commercial,2025-06-17,58.93,37.29,16,Active,8.41
M02098,North,Residential,2025-02-23,20.96,9.34,17,Active,6.64
M02099,North,Commercial,2025-09-16,63.76,38.6,16,Active,9.05
M02100,Central,Residential,2025-04-21,32.9,17.76,13,Active,6.49
M02101,Central,Residential,2025-08-20,30.81,18.69,14,Active,6.23
M02102,East,Commercial,2025-06-10,48.42,13.61,20,Active,8.6
M02103,South,Residential,2025-12-18,30.43,8.12,13,Active,6.62
M02104,East,Commercial,2025-11-23,62.3,27.37,21,Faulty,8.02
M02105,South,Residential,2025-01-19,59.47,35.48,15,Active,6.03
M02106,Central,Commercial,2025-10-17,55.13,19.95,25,Faulty,8.36
M02107,Central,Residential,2025-02-19,43.47,20.29,22,Active,6.96
M02108,East,Industrial,2025-06-24,101.87,75.43,12,Active,9.98
M02109,West,Residential,2025-10-29,34.94,12.49,16,Active,6.27
M02110,East,Industrial,2025-07-03,111.24,74.97,24,Active,9.65
M02111,South,Residential,2025-07-04,74.6,49.44,22,Active,6.36
M02112,East,Commercial,2025-12-05,76.79,53.42,17,Active,8.63
M02113,North,Residential,2025-11-03,25.21,17.84,19,Active,6.12
M02114,South,Industrial,2025-11-06,108.31,54.55,10,Active,9.52
M02115,South,Residential,2025-12-12,34.75,20.54,15,Active,6.17
M02116,West,Residential,2025-03-22,38.17,21.35,14,Active,6.96
M02117,Central,Residential,2025-06-05,22.34,9.04,13,Active,6.61
M02118,South,Residential,2025-10-02,32.49,12.67,14,Faulty,6.58
M02119,Central,Residential,2025-10-10,26.44,11.13,22,Active,6.03
M02120,East,Industrial,2025-09-06,97.44,35.0,14,Active,10.42
M02121,North,Industrial,2025-05-27,115.3,72.49,21,Active,9.76
M02122,West,Residential,2025-01-07,55.44,40.6,18,Active,6.12
M02123,Central,Industrial,2025-06-06,116.29,79.53,17,Active,10.59
M02124,South,Residential,2025-06-20,59.27,21.28,26,Active,6.63
M02125,Central,Residential,2025-03-10,30.1,8.31,21,Active,6.97
M02126,South,Commercial,2025-04-04,116.47,73.21,20,Active,9.07
M02127,Central,Commercial,2025-12-29,46.45,20.68,23,Active,9.25
M02128,South,Industrial,2025-07-05,134.85,89.31,14,Active,10.31
M02129,East,Residential,2025-06-19,34.04,21.77,22,Active,6.09
M02130,South,Commercial,2025-07-23,61.26,34.47,20,Active,8.72
M02131,South,Residential,2025-02-11,20.0,7.55,14,Active,6.66
M02132,North,Residential,2025-01-13,31.33,9.46,11,Active,6.07
M02133,South,Residential,2025-06-03,26.54,9.99,16,Active,6.4
M02134,North,Industrial,2025-10-01,94.58,47.75,17,Active,10.04
M02135,West,Commercial,2025-10-25,65.19,48.22,21,Active,8.21
M02136,North,Commercial,2025-02-20,74.48,20.99,14,Active,8.01
M02137,East,Residential,2025-07-31,30.21,10.57,13,Active,6.98
M02138,North,Residential,2025-05-24,26.81,15.11,16,Active,7.11
M02139,West,Residential,2025-12-23,34.34,13.81,22,Active,6.3
M02140,East,Residential,2025-01-03,27.4,18.61,14,Active,6.0
M02141,Central,Residential,2025-09-11,41.18,13.17,16,Active,7.16
M02142,Central,Commercial,2025-12-01,54.2,39.65,22,Active,8.17
M02143,North,Residential,2025-09-13,44.85,31.67,13,Active,6.52
M02144,North,Residential,2025-04-08,20.71,14.37,25,Active,6.48
M02145,West,Residential,2025-06-22,32.43,10.91,18,Active,6.21
M02146,West,Residential,2025-05-30,23.36,9.69,20,Faulty,6.78
M02147,South,Residential,2025-10-06,30.48,19.87,18,Active,7.19
M02148,West,Industrial,2025-02-28,101.6,66.44,32,Active,10.17
M02149,South,Commercial,2025-04-23,91.31,55.02,17,Active,9.26
M02150,East,Commercial,2025-11-20,55.02,26.08,18,Active,8.25
M02151,North,Residential,2025-08-31,30.62,12.43,22,Faulty,7.1
M02152,East,Residential,2025-11-06,45.96,33.62,23,Active,6.33
M02153,West,Residential,2025-02-26,22.12,7.07,13,Active,6.33
M02154,East,Industrial,2025-03-01,93.61,25.45,15,Active,9.65
M02155,East,Commercial,2025-11-25,51.43,13.09,15,Active,9.12
M02156,East,Residential,2025-08-04,19.65,12.53,20,Active,6.94
M02157,West,Residential,2025-08-21,24.94,6.94,15,Active,6.44
M02158,East,Residential,2025-02-24,37.34,19.39,16,Active,6.45
M02159,South,Commercial,2025-07-27,52.07,22.58,21,Active,9.1
M02160,West,Industrial,2025-03-04,121.22,39.21,17,Active,10.71
M02161,East,Commercial,2025-07-03,56.06,34.77,11,Active,8.78
M02162,West,Residential,2025-11-07,35.09,9.74,19,Active,6.53
M02163,Central,Residential,2025-10-08,41.81,17.11,23,Active,6.07
M02164,South,Residential,2025-01-26,28.79,15.29,13,Active,6.16
M02165,East,Residential,2025-06-26,40.68,18.36,26,Active,6.18
M02166,Central,Residential,2025-03-04,42.73,16.22,21,Active,6.36
M02167,Central,Commercial,2025-03-14,95.29,67.94,16,Faulty,8.33
M02168,West,Commercial,2025-12-01,58.28,41.7,22,Active,8.71
M02169,Central,Residential,2025-06-16,20.01,9.17,21,Active,7.23
M02170,South,Commercial,2025-08-13,57.81,25.83,18,Active,9.12
M02171,South,Residential,2025-03-06,19.46,7.86,19,Active,6.66
M02172,North,Residential,2025-03-10,22.56,15.29,10,Active,6.02
M02173,South,Residential,2025-01-09,44.65,23.84,21,Active,6.09
M02174,Central,Residential,2025-08-24,33.25,9.8,18,Faulty,7.12
M02175,South,Residential,2025-07-17,73.26,49.57,13,Active,6.37
M02176,West,Residential,2025-06-22,37.92,19.62,13,Active,6.41
M02177,North,Residential,2025-10-09,26.42,12.09,19,Active,6.18
M02178,Central,Industrial,2025-01-28,103.16,43.22,10,Active,9.79
M02179,North,Residential,2025-10-23,31.61,9.47,19,Active,6.32
M02180,Central,Residential,2025-05-14,23.73,17.28,15,Active,6.54
M02181,West,Residential,2025-01-27,33.68,20.9,15,Active,6.81
M02182,North,Commercial,2025-02-07,47.88,15.12,15,Active,8.46
M02183,East,Residential,2025-07-15,45.6,23.06,19,Active,6.58
M02184,Central,Commercial,2025-07-22,59.96,31.65,24,Active,8.24
M02185,East,Residential,2025-03-26,24.81,8.29,20,Faulty,6.07
M02186,North,Residential,2025-11-16,20.28,9.4,13,Active,6.45
M02187,East,Commercial,2025-01-30,53.13,30.44,15,Active,8.08
M02188,East,Residential,2025-04-09,30.79,12.07,18,Faulty,6.39
M02189,North,Residential,2025-07-09,37.23,15.48,19,Active,7.09
M02190,West,Residential,2025-01-12,51.76,16.1,10,Active,6.48
M02191,East,Commercial,2025-04-01,61.28,27.98,25,Active,8.25
M02192,East,Residential,2025-01-30,34.06,18.46,12,Active,7.17
M02193,West,Residential,2025-08-01,37.28,11.49,15,Active,6.83
M02194,East,Industrial,2025-02-07,95.11,53.01,15,Active,10.78
M02195,East,Residential,2025-12-07,25.21,11.32,22,Active,6.39
M02196,East,Commercial,2025-03-01,59.49,35.05,15,Active,8.26
M02197,South,Commercial,2025-10-21,49.39,20.12,22,Active,8.39
M02198,West,Residential,2025-12-26,42.75,22.84,28,Active,7.06
M02199,East,Residential,2025-05-23,22.69,12.62,17,Active,6.2
M02200,West,Residential,2025-06-29,19.78,11.77,16,Active,6.31
M02201,Central,Commercial,2025-10-12,84.51,53.11,19,Active,8.91
M02202,Central,Commercial,2025-04-22,52.51,16.71,13,Active,8.96
M02203,East,Commercial,2025-08-18,73.55,53.88,17,Active,9.25
M02204,West,Industrial,2025-01-21,113.37,76.16,21,Faulty,10.77
M02205,West,Commercial,2025-05-25,68.69,36.49,9,Active,8.86
M02206,West,Residential,2025-05-26,45.55,31.67,23,Active,6.47
M02207,South,Residential,2025-11-12,23.68,10.45,23,Active,6.59
M02208,Central,Commercial,2025-06-15,88.1,23.54,20,Active,8.57
M02209,West,Residential,2025-05-20,32.17,19.74,16,Active,6.5
M02210,West,Residential,2025-07-22,34.72,25.06,21,Active,6.44
M02211,South,Commercial,2025-09-01,62.6,20.72,29,Active,8.22
M02212,South,Residential,2025-04-23,24.26,13.88,22,Active,6.48
M02213,West,Industrial,2025-07-20,98.91,64.96,22,Active,10.76
M02214,North,Commercial,2025-11-10,62.01,43.56,8,Faulty,9.15
M02215,West,Residential,2025-09-16,55.12,21.4,19,Active,6.8
M02216,West,Industrial,2025-09-12,95.94,30.16,21,Active,9.75
M02217,South,Residential,2025-01-23,29.99,11.21,26,Active,7.14
M02218,South,Residential,2025-09-03,32.61,17.57,20,Faulty,6.41
M02219,West,Residential,2025-12-05,34.73,24.64,25,Active,6.71
M02220,West,Residential,2025-11-07,51.57,27.91,17,Faulty,7.19
M02221,West,Residential,2025-11-14,23.42,16.62,19,Active,6.44
M02222,South,Residential,2025-03-28,34.59,21.97,22,Active,7.19
M02223,West,Residential,2025-08-07,40.34,22.15,14,Active,6.31
M02224,West,Residential,2025-12-22,46.81,12.21,12,Active,7.21
M02225,East,Commercial,2025-01-27,61.48,25.61,13,Active,8.47
M02226,North,Commercial,2025-10-17,54.61,15.22,23,Active,8.49
M02227,Central,Residential,2025-10-16,25.05,10.3,23,Active,6.72
M02228,North,Residential,2025-12-14,31.7,8.91,25,Active,6.45
M02229,East,Residential,2025-08-11,21.8,7.28,19,Active,6.58
M02230,Central,Residential,2025-12-18,37.67,17.15,17,Active,6.65
M02231,West,Commercial,2025-06-27,69.23,35.13,19,Active,8.64
M02232,East,Commercial,2025-05-28,82.07,29.43,23,Active,9.25
M02233,West,Residential,2025-08-15,29.25,18.03,15,Active,6.37
M02234,South,Residential,2025-12-17,39.81,21.7,19,Active,6.37
M02235,East,Residential,2025-07-05,49.07,29.24,14,Active,7.09
M02236,South,Commercial,2025-10-21,63.66,39.24,12,Active,8.51
M02237,East,Residential,2025-02-10,38.82,23.81,15,Active,6.1
M02238,East,Industrial,2025-07-10,110.86,79.61,20,Active,10.13
M02239,South,Commercial,2025-03-20,52.97,19.53,19,Active,8.72
M02240,Central,Residential,2025-07-24,38.42,14.79,23,Active,6.8
M02241,North,Commercial,2025-10-05,56.73,16.85,19,Active,8.31
M02242,West,Industrial,2025-09-29,131.72,71.96,13,Active,10.77
M02243,East,Commercial,2025-02-01,49.27,22.05,15,Active,8.96
M02244,West,Residential,2025-05-22,54.19,26.99,9,Active,6.94
M02245,South,Residential,2025-09-08,33.47,11.21,27,Active,7.13
M02246,West,Commercial,2025-10-21,57.71,33.16,19,Active,8.03
M02247,South,Commercial,2025-04-08,66.38,37.14,26,Active,8.8
M02248,West,Commercial,2025-05-16,49.58,18.96,10,Active,9.06
M02249,North,Industrial,2025-10-04,98.94,47.76,11,Active,9.54
M02250,North,Industrial,2025-11-08,97.66,68.08,14,Active,10.48
M02251,North,Industrial,2025-10-29,100.41,63.94,19,Active,10.79
M02252,North,Residential,2025-02-12,61.78,22.46,17,Active,6.77
M02253,North,Residential,2025-04-30,21.31,14.69,19,Active,6.55
M02254,North,Commercial,2025-08-08,74.13,21.03,20,Active,8.59
M02255,South,Commercial,2025-02-15,52.27,23.89,19,Active,8.88
M02256,East,Commercial,2025-08-24,58.84,17.07,18,Faulty,8.74
M02257,West,Residential,2025-02-17,37.07,26.4,20,Active,7.02
M02258,North,Commercial,2025-07-17,49.43,13.36,14,Active,8.55
M02259,South,Commercial,2025-03-25,51.67,16.82,17,Active,8.54
M02260,South,Residential,2025-01-31,29.19,20.65,20,Active,6.97
M02261,South,Residential,2025-06-10,27.1,14.66,17,Active,6.84
M02262,East,Residential,2025-03-12,44.65,28.92,28,Active,7.01
M02263,West,Residential,2025-01-08,37.96,9.8,14,Active,7.15
M02264,East,Residential,2025-02-21,21.8,10.02,18,Active,6.34
M02265,Central,Residential,2025-02-14,28.06,20.83,21,Active,6.41
M02266,South,Residential,2025-10-20,31.76,17.15,16,Active,6.69
M02267,Central,Commercial,2025-10-27,63.03,42.54,18,Active,9.21
M02268,North,Commercial,2025-02-07,57.5,42.08,14,Active,9.09
M02269,North,Commercial,2025-12-21,65.35,38.72,14,Faulty,8.61
M02270,East,Residential,2025-08-19,27.35,11.32,14,Active,6.75
M02271,West,Residential,2025-09-19,39.46,15.95,21,Active,6.93
M02272,Central,Industrial,2025-03-09,120.52,34.43,17,Faulty,10.18
M02273,West,Residential,2025-06-28,46.94,21.77,15,Active,6.13
M02274,East,Industrial,2025-12-23,107.78,76.28,13,Active,9.96
M02275,North,Commercial,2025-07-05,59.58,29.14,15,Active,8.06
M02276,West,Residential,2025-07-20,40.0,28.22,23,Active,6.87
M02277,West,Industrial,2025-01-13,106.08,69.86,16,Active,9.94
M02278,North,Residential,2025-08-02,35.6,26.42,13,Active,6.96
M02279,Central,Residential,2025-08-08,36.33,26.3,19,Active,6.56
M02280,North,Commercial,2025-10-13,79.53,47.98,23,Active,8.06
M02281,West,Residential,2025-09-01,28.31,19.41,15,Active,6.49
M02282,Central,Industrial,2025-12-22,141.32,88.19,13,Active,9.78
M02283,Central,Residential,2025-09-15,29.61,17.82,19,Active,6.28
M02284,North,Residential,2025-02-27,23.77,14.45,19,Active,6.49
M02285,West,Commercial,2025-02-05,63.06,38.5,22,Active,9.27
M02286,East,Commercial,2025-11-24,50.67,22.28,15,Active,9.25
M02287,West,Residential,2025-07-12,41.14,19.0,18,Active,7.04
M02288,South,Residential,2025-11-29,28.2,11.2,14,Active,6.32
M02289,East,Commercial,2025-02-19,73.52,23.83,17,Active,8.99
M02290,Central,Residential,2025-02-01,26.23,12.57,16,Active,6.02
M02291,East,Commercial,2025-04-08,56.83,39.78,13,Active,8.07
M02292,Central,Commercial,2025-02-12,81.01,46.63,19,Active,9.09
M02293,Central,Commercial,2025-12-17,76.94,21.4,16,Active,8.73
M02294,East,Commercial,2025-11-30,60.46,39.64,16,Faulty,8.49
M02295,Central,Residential,2025-11-06,29.94,21.49,17,Active,6.96
M02296,Central,Commercial,2025-02-16,50.58,33.62,19,Active,8.15
M02297,South,Industrial,2025-09-27,93.04,57.11,15,Active,9.87
M02298,West,Residential,2025-11-07,24.09,7.83,22,Active,6.95
M02299,West,Industrial,2025-03-04,125.02,53.07,16,Active,9.77
M02300,South,Residential,2025-01-19,36.57,19.48,29,Active,6.78
M02301,East,Residential,2025-12-13,24.79,7.15,23,Active,6.58
M02302,North,Residential,2025-04-11,40.6,12.31,14,Active,6.26
M02303,North,Industrial,2025-02-06,96.75,69.38,18,Active,10.65
M02304,North,Residential,2025-04-17,45.57,27.4,19,Faulty,6.57
M02305,South,Industrial,2025-04-02,100.63,39.0,15,Active,10.28
M02306,South,Industrial,2025-11-04,115.47,47.77,18,Active,9.83
M02307,Central,Residential,2025-07-04,20.94,9.26,15,Active,6.45
M02308,North,Residential,2025-08-04,22.91,6.59,22,Faulty,6.06
M02309,East,Commercial,2025-01-28,70.25,43.53,14,Active,8.63
M02310,East,Residential,2025-02-05,44.45,15.04,13,Active,6.45
M02311,North,Commercial,2025-11-16,81.97,53.49,14,Active,8.43
M02312,North,Residential,2025-01-18,37.0,24.9,20,Active,7.16
M02313,North,Residential,2025-12-11,28.44,16.19,14,Faulty,6.92
M02314,South,Commercial,2025-07-15,57.07,36.24,19,Active,8.59
M02315,South,Residential,2025-03-19,36.64,12.31,20,Active,6.25
M02316,South,Residential,2025-06-16,21.74,11.7,21,Active,7.27
M02317,West,Residential,2025-03-31,20.6,12.12,21,Active,6.1
M02318,East,Residential,2025-09-21,45.17,26.23,17,Active,6.18
M02319,East,Residential,2025-07-27,51.41,15.87,23,Active,6.35
M02320,Central,Commercial,2025-07-31,62.81,26.52,19,Active,9.24
M02321,South,Residential,2025-09-28,28.02,11.56,26,Active,6.36
M02322,West,Residential,2025-09-20,27.29,14.63,26,Active,6.64
M02323,West,Commercial,2025-09-30,58.44,36.97,23,Active,8.99
M02324,East,Residential,2025-12-08,31.23,16.72,18,Active,7.21
M02325,South,Residential,2025-08-02,31.03,19.47,18,Active,6.79
M02326,Central,Industrial,2025-03-05,108.59,32.52,19,Faulty,10.0
M02327,South,Commercial,2025-01-12,52.11,35.91,17,Active,9.28
M02328,North,Commercial,2025-07-29,63.62,32.97,17,Active,8.03
M02329,South,Commercial,2025-11-08,50.97,13.7,17,Active,9.08
M02330,North,Residential,2025-06-23,35.68,20.39,19,Active,6.36
M02331,North,Commercial,2025-09-13,47.92,24.38,11,Active,9.06
M02332,Central,Residential,2025-04-11,24.88,8.96,18,Active,6.21
M02333,East,Residential,2025-01-16,48.08,30.4,12,Active,6.45
M02334,South,Residential,2025-07-16,39.33,28.19,22,Active,6.07
M02335,North,Residential,2025-09-15,40.94,16.84,11,Active,6.26
M02336,South,Residential,2025-09-01,66.69,33.14,16,Active,6.78
M02337,East,Industrial,2025-12-14,103.49,32.5,13,Active,10.49
M02338,East,Residential,2025-09-06,38.53,27.55,19,Active,7.18
M02339,West,Residential,2025-04-15,28.4,11.63,16,Active,6.16
M02340,East,Residential,2025-07-01,32.47,11.28,19,Active,6.18
M02341,Central,Residential,2025-06-04,35.99,17.61,12,Active,7.22
M02342,North,Commercial,2025-10-14,49.28,13.39,25,Active,9.0
M02343,West,Residential,2025-06-18,19.45,7.32,23,Active,6.7
M02344,Central,Residential,2025-02-16,45.57,12.93,19,Active,6.62
M02345,South,Residential,2025-02-12,34.43,10.8,18,Active,6.21
M02346,North,Commercial,2025-11-17,54.77,16.76,15,Active,8.49
M02347,East,Residential,2025-11-02,22.83,15.67,14,Active,6.48
M02348,North,Residential,2025-08-09,40.64,29.07,15,Active,6.84
M02349,South,Residential,2025-01-01,32.21,15.69,20,Active,6.78
M02350,West,Residential,2025-07-19,34.14,19.3,22,Active,6.08
M02351,West,Residential,2025-05-24,25.15,15.04,23,Active,7.1
M02352,West,Commercial,2025-01-28,59.86,26.68,21,Active,9.22
M02353,East,Commercial,2025-12-08,67.04,29.17,21,Faulty,9.01
M02354,Central,Commercial,2025-12-04,51.92,30.52,25,Active,8.23
M02355,Central,Residential,2025-10-05,23.54,10.32,15,Active,6.22
M02356,North,Residential,2025-02-10,61.28,33.12,17,Active,6.94
M02357,East,Residential,2025-11-28,24.74,12.56,14,Active,6.57
M02358,West,Industrial,2025-05-27,104.33,53.44,14,Faulty,10.51
M02359,West,Commercial,2025-12-11,57.92,38.5,11,Active,8.1
M02360,South,Commercial,2025-06-27,49.42,29.75,18,Active,8.93
M02361,South,Residential,2025-11-11,41.94,30.63,15,Active,6.55
M02362,West,Residential,2025-11-21,42.72,27.58,14,Faulty,6.04
M02363,West,Residential,2025-06-16,40.78,13.17,12,Active,6.71
M02364,East,Commercial,2025-05-03,57.38,35.53,17,Active,8.91
M02365,Central,Industrial,2025-03-15,107.39,62.59,18,Active,10.19
M02366,South,Industrial,2025-08-27,98.1,56.21,12,Active,9.66
M02367,Central,Residential,2025-09-06,34.14,16.74,13,Active,7.06
M02368,East,Residential,2025-09-20,41.31,11.62,14,Active,6.41
M02369,West,Industrial,2025-09-09,115.7,83.97,10,Active,10.7
M02370,Central,Commercial,2025-12-23,63.15,42.69,14,Active,9.18
M02371,West,Residential,2025-04-21,40.89,20.18,18,Faulty,6.26
M02372,West,Residential,2025-06-29,37.16,12.24,11,Active,6.62
M02373,North,Residential,2025-07-07,43.46,28.78,18,Faulty,6.18
M02374,Central,Residential,2025-11-04,30.86,14.36,20,Active,6.88
M02375,Central,Residential,2025-07-26,24.37,10.85,18,Active,7.11
M02376,West,Commercial,2025-08-22,52.77,30.75,18,Active,8.84
M02377,East,Residential,2025-01-24,26.74,16.83,17,Active,6.34
M02378,North,Residential,2025-01-26,61.47,17.3,15,Faulty,6.1
M02379,West,Residential,2025-08-06,37.93,24.04,17,Active,6.09
M02380,South,Commercial,2025-12-12,66.51,41.03,24,Active,8.79
M02381,South,Commercial,2025-01-10,74.63,40.64,24,Faulty,9.24
M02382,North,Residential,2025-01-17,22.51,9.44,14,Active,6.9
M02383,East,Industrial,2025-09-02,107.48,35.73,13,Active,10.45
M02384,West,Industrial,2025-07-25,102.33,30.83,23,Active,9.93
M02385,Central,Residential,2025-09-15,48.84,12.24,20,Active,6.76
M02386,North,Residential,2025-04-22,42.5,15.01,14,Active,6.41
M02387,East,Commercial,2025-07-24,63.63,28.99,23,Active,9.17
M02388,Central,Commercial,2025-01-27,53.96,20.06,11,Active,8.17
M02389,South,Industrial,2025-03-12,110.26,44.6,16,Active,10.32
M02390,South,Industrial,2025-06-25,108.33,48.23,14,Active,10.45
M02391,Central,Commercial,2025-07-21,60.99,24.65,8,Active,8.91
M02392,North,Residential,2025-09-05,38.19,23.38,27,Active,6.33
M02393,South,Residential,2025-04-28,61.08,30.29,13,Active,6.63
M02394,West,Residential,2025-01-09,40.46,10.51,18,Active,6.86
M02395,Central,Residential,2025-03-27,29.49,10.71,23,Active,7.21
M02396,Central,Commercial,2025-01-23,53.32,32.25,16,Active,8.65
M02397,South,Commercial,2025-08-28,45.16,18.09,12,Faulty,8.39
M02398,North,Commercial,2025-03-14,52.51,37.29,13,Active,8.5
M02399,West,Residential,2025-01-27,38.5,23.34,18,Active,6.7
M02400,North,Commercial,2025-12-15,52.76,20.84,20,Active,9.27
M02401,East,Residential,2025-03-22,38.7,19.67,16,Active,6.82
M02402,East,Residential,2025-03-25,25.18,14.7,22,Active,6.2
M02403,South,Commercial,2025-07-18,52.21,18.1,17,Active,9.1
M02404,South,Commercial,2025-02-12,64.49,24.06,18,Active,8.24
M02405,South,Industrial,2025-09-20,99.21,49.96,15,Faulty,9.55
M02406,East,Residential,2025-04-02,30.21,21.52,20,Active,6.13
M02407,North,Residential,2025-12-05,54.5,23.0,16,Active,7.02
M02408,North,Residential,2025-03-25,24.97,11.26,21,Active,7.17
M02409,South,Residential,2025-10-27,38.15,13.17,16,Active,6.35
M02410,West,Industrial,2025-10-23,95.18,52.03,17,Active,10.15
M02411,North,Commercial,2025-05-15,60.06,37.24,24,Active,8.78
M02412,East,Industrial,2025-10-08,103.86,48.85,22,Active,10.04
M02413,Central,Residential,2025-02-28,32.0,20.0,15,Active,6.08
M02414,Central,Industrial,2025-12-25,108.26,43.44,14,Active,9.57
M02415,Central,Residential,2025-12-08,75.41,45.51,23,Active,6.57
M02416,West,Industrial,2025-08-29,103.9,39.4,20,Faulty,10.54
M02417,South,Residential,2025-12-08,40.5,25.93,18,Active,6.11
M02418,East,Residential,2025-04-08,29.8,19.83,16,Active,6.27
M02419,West,Residential,2025-03-03,25.56,16.58,20,Faulty,6.35
M02420,East,Industrial,2025-09-21,96.94,34.68,19,Active,10.23
M02421,East,Residential,2025-04-23,62.16,37.12,24,Active,6.06
M02422,South,Residential,2025-05-26,43.49,22.58,12,Active,7.12
M02423,Central,Industrial,2025-08-04,99.28,73.77,16,Active,10.11
M02424,South,Residential,2025-09-13,21.63,9.32,16,Active,6.63
M02425,West,Residential,2025-11-12,49.26,31.31,15,Active,6.42
M02426,West,Residential,2025-11-12,32.34,14.07,17,Active,6.28
M02427,West,Residential,2025-12-28,40.37,18.1,20,Active,6.47
M02428,South,Industrial,2025-09-15,99.3,30.34,20,Active,10.69
M02429,East,Commercial,2025-07-13,57.38,21.22,15,Active,8.12
M02430,East,Residential,2025-12-13,27.14,9.02,26,Active,6.08
M02431,North,Industrial,2025-01-14,106.6,35.14,22,Active,9.65
M02432,West,Residential,2025-10-31,44.06,11.21,19,Active,7.01
M02433,East,Residential,2025-04-13,39.0,25.23,18,Active,6.06
M02434,North,Residential,2025-09-02,41.71,20.19,18,Active,6.43
M02435,East,Residential,2025-09-02,63.95,41.7,20,Faulty,6.55
M02436,West,Residential,2025-11-08,40.19,22.36,16,Active,6.66
M02437,Central,Industrial,2025-09-25,99.45,66.2,18,Active,9.5
M02438,West,Commercial,2025-08-12,54.0,27.1,12,Active,8.63
M02439,South,Residential,2025-08-08,43.88,13.03,20,Active,6.25
M02440,East,Commercial,2025-11-07,68.44,38.22,18,Active,8.13
M02441,East,Commercial,2025-08-05,85.91,50.59,24,Active,8.69
M02442,South,Industrial,2025-01-04,99.05,55.79,16,Active,10.47
M02443,South,Industrial,2025-02-05,109.07,70.97,16,Active,10.72
M02444,Central,Residential,2025-06-27,30.9,19.03,21,Active,7.19
M02445,East,Commercial,2025-09-14,49.08,22.89,14,Active,8.52
M02446,East,Commercial,2025-01-17,52.57,34.67,18,Active,8.92
M02447,Central,Commercial,2025-07-18,57.3,34.14,21,Active,8.9
M02448,North,Residential,2025-11-14,23.73,7.36,18,Active,6.54
M02449,Central,Residential,2025-02-17,27.58,14.34,13,Active,6.13
M02450,West,Residential,2025-03-03,53.35,32.77,14,Active,6.5
M02451,East,Residential,2025-03-10,48.07,25.32,14,Active,7.29
M02452,South,Residential,2025-05-27,29.42,21.32,20,Active,6.72
M02453,West,Commercial,2025-12-25,54.33,16.34,24,Active,8.44
M02454,East,Residential,2025-06-11,18.52,11.32,16,Active,6.97
M02455,Central,Commercial,2025-08-15,49.12,32.53,19,Active,8.89
M02456,West,Residential,2025-12-13,32.54,19.57,17,Active,6.75
M02457,East,Industrial,2025-08-18,105.67,46.79,14,Active,10.33
M02458,North,Residential,2025-06-27,19.91,8.81,16,Active,6.76
M02459,North,Residential,2025-12-11,32.06,17.42,16,Active,7.24
M02460,South,Commercial,2025-02-25,71.39,32.02,20,Active,8.66
M02461,East,Commercial,2025-03-19,62.79,43.43,21,Active,8.77
M02462,North,Industrial,2025-09-27,108.1,32.97,12,Active,10.11
M02463,Central,Residential,2025-07-25,32.32,18.41,24,Active,6.78
M02464,East,Residential,2025-10-08,36.38,11.53,12,Active,7.16
M02465,Central,Industrial,2025-08-16,122.54,63.73,20,Active,9.94
M02466,Central,Residential,2025-08-27,38.19,23.21,29,Active,6.64
M02467,North,Commercial,2025-10-15,52.11,17.34,17,Active,8.58
M02468,East,Residential,2025-03-23,43.35,26.1,19,Active,6.52
M02469,West,Residential,2025-11-30,30.12,9.64,24,Active,7.07
M02470,North,Residential,2025-09-07,26.68,14.95,19,Active,6.3
M02471,North,Residential,2025-07-12,76.95,38.69,15,Active,6.65
M02472,East,Commercial,2025-04-16,59.15,23.6,33,Active,9.2
M02473,East,Industrial,2025-07-08,97.64,29.86,16,Active,9.71
M02474,Central,Residential,2025-10-03,28.89,17.85,20,Faulty,6.01
M02475,East,Commercial,2025-03-15,57.13,25.19,22,Active,8.34
M02476,Central,Residential,2025-01-10,40.12,11.77,17,Active,7.2
M02477,North,Residential,2025-05-03,37.29,23.73,18,Active,6.11
M02478,South,Residential,2025-08-04,41.82,15.32,14,Active,6.18
M02479,West,Industrial,2025-10-17,120.72,74.63,21,Active,9.92
M02480,North,Commercial,2025-02-09,80.93,43.09,13,Active,9.0
M02481,East,Commercial,2025-07-12,79.01,27.44,14,Active,8.98
M02482,West,Commercial,2025-05-07,47.77,13.77,19,Active,8.11
M02483,South,Commercial,2025-10-16,89.46,48.9,16,Active,9.21
M02484,South,Industrial,2025-03-12,99.0,26.0,16,Active,9.81
M02485,Central,Commercial,2025-05-17,66.28,18.74,20,Faulty,8.36
M02486,West,Industrial,2025-05-24,111.85,67.23,21,Faulty,10.0
M02487,Central,Residential,2025-12-20,31.46,16.34,15,Active,6.82
M02488,North,Residential,2025-10-26,27.1,11.2,18,Active,6.68
M02489,West,Residential,2025-12-11,22.65,11.77,15,Active,7.21
M02490,North,Residential,2025-09-26,33.55,18.31,24,Active,6.73
M02491,Central,Commercial,2025-05-19,58.84,31.34,19,Active,9.11
M02492,West,Residential,2025-02-21,24.02,13.72,9,Active,6.1
M02493,Central,Commercial,2025-01-17,59.62,42.93,17,Active,9.11
M02494,West,Residential,2025-06-14,38.49,17.1,12,Active,6.26
M02495,Central,Residential,2025-01-13,68.29,27.36,21,Active,6.47
M02496,South,Residential,2025-07-09,27.89,7.51,17,Active,6.42
M02497,Central,Industrial,2025-12-06,100.31,32.45,15,Active,9.94
M02498,South,Residential,2025-12-19,48.65,14.75,24,Active,7.19
M02499,Central,Residential,2025-12-28,34.07,14.23,22,Active,6.57
M02500,West,Commercial,2025-12-18,48.85,27.11,19,Active,8.35
M02501,West,Commercial,2025-09-21,54.29,14.83,22,Active,8.38
M02502,West,Residential,2025-11-08,28.19,17.3,18,Active,7.04
M02503,East,Residential,2025-08-09,35.82,16.07,21,Active,6.7
M02504,North,Residential,2025-04-14,23.83,17.44,10,Active,6.58
M02505,West,Industrial,2025-12-05,94.66,50.57,26,Active,10.7
M02506,South,Residential,2025-07-17,28.5,18.12,20,Active,7.21
M02507,West,Residential,2025-10-27,28.94,19.7,14,Active,6.98
M02508,East,Residential,2025-12-25,24.79,17.21,10,Active,6.67
M02509,South,Residential,2025-06-18,23.83,12.13,16,Active,6.15
M02510,East,Commercial,2025-05-29,71.89,32.23,24,Active,8.92
M02511,South,Residential,2025-09-06,29.67,15.73,17,Faulty,7.06
M02512,Central,Residential,2025-09-13,44.14,19.91,16,Active,7.11
M02513,North,Residential,2025-02-11,39.97,14.8,19,Active,6.76
M02514,North,Residential,2025-07-21,27.01,11.13,20,Active,6.8
M02515,East,Residential,2025-09-01,25.71,9.42,17,Active,6.92
M02516,North,Commercial,2025-06-06,77.3,29.74,15,Active,9.14
M02517,East,Commercial,2025-10-13,67.2,19.95,18,Active,8.06
M02518,East,Industrial,2025-10-09,104.21,48.27,22,Faulty,10.23
M02519,East,Industrial,2025-08-26,117.8,43.31,22,Active,9.98
M02520,North,Commercial,2025-01-19,50.6,23.99,16,Active,9.08
M02521,East,Residential,2025-02-22,59.79,38.63,20,Active,6.17
M02522,North,Commercial,2025-03-26,54.81,25.99,18,Faulty,9.18
M02523,East,Commercial,2025-09-30,50.04,36.39,16,Active,8.16
M02524,West,Commercial,2025-12-26,57.01,18.47,12,Active,8.12
M02525,East,Residential,2025-08-01,24.22,16.35,11,Active,6.45
M02526,South,Residential,2025-12-27,34.87,13.05,26,Active,7.29
M02527,East,Commercial,2025-04-14,56.8,40.72,20,Active,8.82
M02528,Central,Commercial,2025-07-11,56.65,20.6,22,Active,8.03
M02529,East,Industrial,2025-06-26,136.31,84.99,20,Active,9.82
M02530,South,Residential,2025-05-27,38.36,10.78,16,Active,6.19
M02531,South,Residential,2025-03-22,26.56,15.0,20,Active,6.0
M02532,North,Residential,2025-07-12,33.12,11.9,28,Active,6.67
M02533,West,Commercial,2025-02-06,77.5,45.34,29,Active,8.5
M02534,East,Residential,2025-11-22,29.31,16.65,27,Active,6.8
M02535,North,Residential,2025-06-03,33.64,23.95,22,Active,6.28
M02536,West,Industrial,2025-05-10,99.68,56.15,18,Active,10.58
M02537,East,Residential,2025-02-28,45.48,20.65,17,Active,6.5
M02538,Central,Commercial,2025-08-12,60.19,20.87,25,Active,8.63
M02539,East,Residential,2025-09-06,52.82,30.57,13,Active,6.95
M02540,South,Commercial,2025-08-28,62.48,19.26,25,Active,8.22
M02541,South,Commercial,2025-10-20,57.23,38.02,16,Active,8.34
M02542,Central,Industrial,2025-10-14,103.21,38.57,23,Active,9.7
M02543,North,Industrial,2025-07-23,132.56,67.88,18,Active,10.5
M02544,West,Residential,2025-04-09,34.12,18.7,20,Active,6.13
M02545,East,Residential,2025-12-16,26.38,11.38,14,Active,6.64
M02546,South,Residential,2025-06-25,29.68,17.27,14,Active,6.97
M02547,North,Commercial,2025-09-19,86.03,32.27,14,Active,8.66
M02548,Central,Industrial,2025-09-28,95.57,25.55,16,Active,10.16
M02549,South,Residential,2025-05-23,27.33,19.94,18,Active,6.08
M02550,Central,Commercial,2025-07-08,75.46,30.94,18,Active,9.02
M02551,East,Residential,2025-09-29,41.1,24.94,23,Active,6.79
M02552,West,Commercial,2025-01-20,52.7,26.55,17,Active,8.87
M02553,South,Industrial,2025-11-29,102.34,59.82,15,Active,10.5
M02554,South,Residential,2025-10-27,27.59,8.43,25,Faulty,6.73
M02555,East,Residential,2025-02-15,58.9,30.01,15,Active,6.66
M02556,North,Residential,2025-04-05,36.83,16.43,25,Active,6.86
M02557,West,Commercial,2025-03-05,57.54,27.38,18,Active,9.17
M02558,South,Residential,2025-05-11,31.08,22.78,14,Active,6.83
M02559,West,Residential,2025-01-09,27.77,8.83,17,Active,7.02
M02560,South,Residential,2025-07-22,48.03,30.13,17,Active,6.62
M02561,West,Residential,2025-10-25,40.72,16.91,15,Active,6.77
M02562,Central,Residential,2025-06-23,47.73,18.86,15,Active,6.23
M02563,South,Commercial,2025-03-14,58.12,22.4,19,Active,8.64
M02564,West,Residential,2025-03-25,28.37,12.04,18,Active,6.19
M02565,North,Commercial,2025-02-28,65.66,28.14,19,Active,8.61
M02566,Central,Commercial,2025-01-21,61.67,23.77,14,Active,8.08
M02567,Central,Residential,2025-06-06,68.56,40.02,16,Active,6.75
M02568,North,Residential,2025-11-15,30.64,8.39,18,Active,6.37
M02569,West,Commercial,2025-11-25,55.46,23.08,17,Active,9.09
M02570,East,Industrial,2025-03-02,106.15,41.41,14,Active,9.99
M02571,North,Residential,2025-03-05,26.04,16.29,19,Active,7.19
M02572,West,Residential,2025-11-21,38.77,12.53,20,Active,6.61
M02573,North,Residential,2025-06-17,24.85,17.9,22,Active,7.1
M02574,North,Commercial,2025-07-22,64.09,21.49,15,Active,8.39
M02575,South,Residential,2025-05-09,34.46,14.99,26,Active,6.59
M02576,West,Residential,2025-09-02,61.12,21.38,21,Active,6.82
M02577,East,Commercial,2025-04-16,63.26,24.88,12,Active,8.34
M02578,South,Commercial,2025-11-17,53.39,33.66,16,Active,8.85
M02579,North,Residential,2025-05-02,40.92,19.98,21,Active,6.38
M02580,North,Residential,2025-11-14,26.72,8.85,26,Active,6.63
M02581,North,Commercial,2025-07-01,66.32,18.13,22,Active,8.03
M02582,West,Residential,2025-04-13,30.55,11.15,15,Active,6.1
M02583,West,Residential,2025-11-12,25.32,18.3,20,Active,6.3
M02584,South,Industrial,2025-10-29,95.89,64.5,14,Active,10.55
M02585,East,Residential,2025-09-18,55.86,26.26,11,Active,6.86
M02586,South,Commercial,2025-04-23,50.21,24.65,13,Active,9.16
M02587,Central,Industrial,2025-03-11,107.27,75.06,17,Active,10.68
M02588,North,Residential,2025-06-09,48.95,26.71,21,Active,6.49
M02589,North,Residential,2025-08-28,26.49,18.29,23,Active,6.48
M02590,North,Commercial,2025-01-11,57.7,28.61,20,Faulty,9.09
M02591,South,Industrial,2025-05-18,128.71,45.05,18,Active,10.05
M02592,South,Industrial,2025-06-16,101.67,62.32,14,Active,10.61
M02593,North,Commercial,2025-09-04,55.28,28.37,12,Active,8.66
M02594,South,Residential,2025-12-20,27.72,16.19,19,Active,6.55
M02595,West,Commercial,2025-01-31,72.0,23.66,18,Active,8.36
M02596,West,Residential,2025-01-12,36.08,20.7,21,Active,6.16
M02597,South,Residential,2025-08-31,31.48,13.89,18,Active,6.68
M02598,North,Residential,2025-04-18,44.35,18.45,18,Active,6.42
M02599,South,Residential,2025-12-02,48.46,28.38,24,Active,6.32
M02600,South,Commercial,2025-11-19,54.23,29.62,15,Active,8.22
M02601,South,Residential,2025-07-13,24.8,14.25,19,Active,6.51
M02602,Central,Residential,2025-11-04,33.14,24.28,17,Active,6.72
M02603,West,Residential,2025-05-13,50.51,30.34,19,Active,7.09
M02604,East,Industrial,2025-10-08,103.61,59.1,28,Active,10.57
M02605,East,Commercial,2025-10-18,66.77,37.18,20,Active,9.11
M02606,Central,Residential,2025-06-12,24.45,10.99,16,Faulty,6.75
M02607,South,Residential,2025-10-05,33.07,22.14,22,Active,6.73
M02608,Central,Residential,2025-07-22,45.78,20.16,11,Active,7.18
M02609,Central,Industrial,2025-04-06,124.07,74.46,8,Active,9.88
M02610,North,Commercial,2025-08-11,65.23,25.87,20,Active,8.19
M02611,West,Residential,2025-08-25,33.95,11.0,21,Active,6.11
M02612,East,Commercial,2025-04-27,62.25,19.6,19,Active,9.15
M02613,South,Residential,2025-07-11,43.34,24.59,16,Active,6.48
M02614,East,Commercial,2025-10-03,65.08,26.94,12,Active,8.65
M02615,East,Residential,2025-04-16,25.19,9.76,24,Active,7.04
M02616,West,Residential,2025-01-04,23.68,12.93,19,Active,6.49
M02617,East,Residential,2025-01-18,26.46,6.95,18,Active,7.13
M02618,East,Residential,2025-11-03,28.81,10.75,13,Active,6.42
M02619,Central,Industrial,2025-01-20,131.67,55.34,23,Active,10.45
M02620,West,Residential,2025-05-02,51.22,30.95,19,Active,6.87
M02621,North,Industrial,2025-05-17,104.21,54.45,19,Active,9.76
M02622,South,Commercial,2025-03-21,62.66,42.48,16,Active,8.16
M02623,East,Residential,2025-06-03,29.96,12.5,7,Active,6.15
M02624,South,Residential,2025-12-24,27.32,10.88,20,Active,6.85
M02625,North,Residential,2025-01-25,45.5,12.13,23,Faulty,6.02
M02626,South,Commercial,2025-06-18,50.23,36.46,22,Active,8.86
M02627,North,Residential,2025-02-28,44.22,22.14,26,Active,7.02
M02628,Central,Residential,2025-10-28,31.34,15.71,14,Active,6.39
M02629,East,Residential,2025-02-10,26.85,19.11,14,Faulty,6.97
M02630,North,Commercial,2025-02-07,49.52,19.56,19,Active,8.22
M02631,South,Residential,2025-04-27,29.57,12.3,18,Active,7.25
M02632,East,Residential,2025-10-02,29.31,16.95,22,Active,6.3
M02633,Central,Residential,2025-09-27,38.52,24.75,20,Faulty,6.63
M02634,East,Residential,2025-05-07,38.6,23.15,21,Active,7.27
M02635,North,Commercial,2025-01-03,51.93,33.46,15,Faulty,9.18
M02636,Central,Residential,2025-10-20,32.35,17.39,17,Active,6.86
M02637,South,Commercial,2025-01-16,81.55,55.57,25,Active,8.48
M02638,Central,Commercial,2025-09-22,56.85,29.85,18,Active,8.91
M02639,Central,Commercial,2025-08-27,50.94,18.58,13,Active,8.6
M02640,West,Commercial,2025-09-20,102.33,53.3,13,Active,8.14
M02641,Central,Residential,2025-05-14,24.58,14.91,20,Active,7.03
M02642,Central,Residential,2025-08-01,47.74,27.54,17,Active,7.13
M02643,East,Commercial,2025-01-15,66.5,24.71,18,Active,8.53
M02644,South,Residential,2025-11-24,30.0,8.12,19,Active,6.87
M02645,East,Commercial,2025-12-26,51.02,19.2,18,Active,8.04
M02646,East,Residential,2025-05-09,37.05,27.49,17,Active,6.26
M02647,North,Industrial,2025-12-18,109.41,37.44,22,Active,10.24
M02648,East,Commercial,2025-05-02,67.95,32.76,10,Active,8.36
M02649,West,Residential,2025-08-29,29.99,17.07,23,Active,7.23
M02650,West,Residential,2025-04-25,24.27,16.74,18,Active,7.09
M02651,North,Commercial,2025-07-16,72.67,45.79,21,Active,8.85
M02652,South,Commercial,2025-08-10,54.3,38.25,15,Active,9.3
M02653,South,Residential,2025-08-02,26.32,14.53,19,Active,6.32
M02654,East,Industrial,2025-03-21,113.76,77.66,13,Faulty,10.69
M02655,East,Residential,2025-09-20,30.37,11.6,14,Active,6.4
M02656,East,Residential,2025-05-15,36.05,16.77,12,Active,6.78
M02657,South,Industrial,2025-11-02,110.81,74.45,16,Active,10.06
M02658,Central,Industrial,2025-08-30,125.29,51.72,18,Active,10.08
M02659,West,Commercial,2025-10-30,60.25,41.31,18,Active,8.99
M02660,Central,Industrial,2025-09-27,117.22,50.59,16,Active,9.95
M02661,Central,Residential,2025-10-14,30.53,13.18,12,Active,6.66
M02662,South,Industrial,2025-02-19,123.68,50.03,13,Active,9.78
M02663,Central,Residential,2025-07-08,60.93,31.9,20,Active,6.99
M02664,North,Residential,2025-10-24,84.4,26.55,17,Active,6.72
M02665,East,Residential,2025-01-14,33.62,9.02,22,Active,6.33
M02666,North,Residential,2025-08-20,45.86,32.04,18,Active,6.35
M02667,West,Residential,2025-09-18,38.07,27.2,20,Active,6.38
M02668,East,Residential,2025-07-11,32.62,9.4,19,Active,6.91
M02669,Central,Residential,2025-07-22,26.87,14.1,21,Active,6.77
M02670,West,Residential,2025-09-18,27.88,14.49,10,Active,7.07
M02671,East,Commercial,2025-04-23,58.11,25.35,21,Active,8.74
M02672,Central,Residential,2025-12-18,47.64,25.46,9,Active,6.4
M02673,North,Residential,2025-02-05,25.12,12.03,23,Active,7.25
M02674,East,Commercial,2025-03-20,59.43,29.41,21,Active,9.15
M02675,Central,Industrial,2025-10-02,104.21,65.41,9,Active,9.86
M02676,North,Commercial,2025-10-05,55.81,28.63,17,Active,9.19
M02677,West,Residential,2025-06-11,25.21,10.38,12,Active,6.94
M02678,West,Commercial,2025-11-08,59.5,32.17,17,Active,8.54
M02679,West,Residential,2025-01-17,18.99,10.83,18,Active,6.61
M02680,West,Residential,2025-07-23,55.32,32.15,24,Active,6.58
M02681,South,Residential,2025-01-17,20.81,11.64,18,Active,7.04
M02682,East,Commercial,2025-07-21,50.24,29.25,26,Active,8.23
M02683,East,Residential,2025-07-29,45.44,18.41,20,Active,6.08
M02684,South,Residential,2025-03-19,28.58,13.52,19,Active,6.65
M02685,Central,Residential,2025-02-25,35.9,20.98,17,Faulty,6.38
M02686,Central,Industrial,2025-03-21,120.43,75.53,18,Active,10.23
M02687,West,Commercial,2025-11-02,50.86,23.76,18,Active,9.27
M02688,North,Residential,2025-02-27,23.02,9.96,23,Faulty,6.87
M02689,Central,Commercial,2025-01-18,59.37,36.09,16,Active,9.25
M02690,North,Residential,2025-07-27,29.02,10.48,16,Active,6.95
M02691,East,Commercial,2025-05-15,51.4,13.09,22,Faulty,8.1
M02692,North,Residential,2025-11-28,26.94,13.08,18,Active,7.16
M02693,East,Industrial,2025-01-10,92.38,31.1,18,Active,9.76
M02694,South,Residential,2025-03-10,44.21,19.41,15,Faulty,7.12
M02695,South,Commercial,2025-12-07,71.19,28.16,11,Active,8.97
M02696,West,Residential,2025-03-24,28.24,18.03,18,Active,7.09
M02697,Central,Residential,2025-04-19,33.06,13.74,15,Active,6.33
M02698,West,Residential,2025-02-13,36.71,20.94,20,Active,7.05
M02699,East,Residential,2025-05-12,35.15,20.63,27,Active,6.79
M02700,West,Residential,2025-01-18,40.96,19.59,15,Active,6.11
M02701,North,Commercial,2025-04-03,54.66,15.88,28,Active,9.16
M02702,East,Residential,2025-10-21,46.94,28.17,11,Active,7.14
M02703,South,Commercial,2025-05-28,72.42,20.83,16,Active,8.74
M02704,Central,Commercial,2025-06-21,56.99,17.07,15,Active,8.59
M02705,East,Commercial,2025-02-20,60.75,21.14,21,Active,8.52
M02706,East,Commercial,2025-01-19,77.39,30.2,13,Active,8.78
M02707,North,Commercial,2025-04-30,61.6,41.47,18,Active,9.09
M02708,Central,Residential,2025-11-20,33.87,19.9,15,Active,6.74
M02709,South,Commercial,2025-08-13,56.21,24.94,19,Active,8.17
M02710,East,Residential,2025-03-07,38.71,28.62,18,Active,6.4
M02711,East,Commercial,2025-05-21,54.5,20.26,18,Active,8.87
M02712,North,Commercial,2025-07-08,74.53,41.36,11,Active,8.84
M02713,West,Residential,2025-06-07,22.88,15.41,14,Active,6.67
M02714,South,Residential,2025-04-08,36.74,23.92,21,Active,6.31
M02715,Central,Residential,2025-06-07,28.41,8.39,25,Faulty,6.35
M02716,East,Commercial,2025-09-03,53.34,31.93,22,Active,8.63
M02717,East,Industrial,2025-12-10,126.04,47.76,29,Active,10.01
M02718,South,Residential,2025-08-24,45.73,19.57,18,Active,6.41
M02719,West,Commercial,2025-02-02,52.24,25.83,19,Active,9.08
M02720,East,Industrial,2025-12-27,110.04,71.02,17,Active,10.16
M02721,South,Residential,2025-08-29,39.89,13.29,15,Active,6.65
M02722,North,Residential,2025-11-26,21.6,6.57,19,Active,6.56
M02723,West,Commercial,2025-12-04,63.75,20.83,20,Active,8.89
M02724,Central,Commercial,2025-10-02,71.54,25.69,16,Active,8.23
M02725,East,Industrial,2025-03-12,110.26,30.85,22,Active,10.73
M02726,South,Residential,2025-11-09,26.06,18.59,8,Active,6.14
M02727,North,Residential,2025-08-04,44.66,18.29,19,Active,6.92
M02728,Central,Residential,2025-03-20,31.25,10.58,18,Active,6.92
M02729,South,Residential,2025-06-18,27.95,15.9,17,Active,6.15
M02730,South,Residential,2025-10-25,28.65,18.44,13,Active,7.29
M02731,Central,Commercial,2025-06-29,56.24,35.24,13,Active,8.04
M02732,North,Residential,2025-04-26,29.56,18.01,17,Active,6.47
M02733,North,Commercial,2025-09-17,84.2,23.18,17,Active,8.55
M02734,West,Residential,2025-09-17,50.21,32.19,21,Active,7.04
M02735,East,Commercial,2025-01-05,63.22,31.67,10,Active,8.04
M02736,Central,Residential,2025-10-24,25.6,14.71,16,Active,6.72
M02737,Central,Residential,2025-04-18,43.67,31.8,13,Active,6.27
M02738,Central,Residential,2025-12-09,24.86,16.29,15,Faulty,6.74
M02739,North,Industrial,2025-12-26,141.41,93.71,18,Active,10.34
M02740,East,Commercial,2025-04-27,77.78,26.5,17,Active,8.04
M02741,West,Residential,2025-12-23,40.85,19.94,24,Active,6.09
M02742,South,Residential,2025-11-27,34.38,24.91,14,Active,6.11
M02743,South,Industrial,2025-11-27,107.52,58.21,20,Faulty,10.61
M02744,Central,Residential,2025-01-13,31.8,9.58,18,Active,7.2
M02745,East,Residential,2025-05-22,44.42,27.36,12,Faulty,6.57
M02746,North,Commercial,2025-07-07,61.38,16.66,25,Active,9.14
M02747,East,Industrial,2025-10-08,111.29,69.13,13,Active,10.12
M02748,East,Residential,2025-04-25,57.11,39.4,11,Active,6.52
M02749,North,Residential,2025-08-24,34.39,15.91,22,Active,6.69
M02750,Central,Industrial,2025-12-04,128.77,58.82,13,Faulty,10.53
M02751,East,Residential,2025-01-10,40.26,16.19,12,Active,6.29
M02752,South,Residential,2025-07-18,40.28,27.73,20,Active,6.39
M02753,North,Commercial,2025-09-09,52.17,27.33,13,Active,9.1
M02754,West,Industrial,2025-02-19,120.59,65.07,22,Active,10.69
M02755,Central,Residential,2025-05-22,27.24,15.82,10,Active,6.16
M02756,North,Industrial,2025-09-28,102.99,41.21,17,Active,10.42
M02757,West,Commercial,2025-01-16,78.36,36.55,17,Active,8.01
M02758,West,Residential,2025-01-02,29.27,18.17,21,Active,6.32
M02759,East,Industrial,2025-06-07,109.07,81.01,17,Faulty,9.59
M02760,East,Residential,2025-01-30,31.36,8.38,22,Active,6.67
M02761,East,Residential,2025-03-23,24.23,6.57,22,Active,6.45
M02762,North,Commercial,2025-01-31,54.43,25.26,15,Active,8.18
M02763,North,Residential,2025-08-24,28.6,16.58,17,Active,6.0
M02764,Central,Residential,2025-11-29,33.97,15.05,13,Active,6.5
M02765,East,Residential,2025-05-28,25.22,18.91,29,Active,6.38
M02766,West,Residential,2025-06-26,27.25,9.47,18,Active,6.06
M02767,South,Commercial,2025-02-04,53.04,13.47,19,Active,9.11
M02768,Central,Commercial,2025-01-23,63.04,21.75,21,Active,8.53
M02769,North,Industrial,2025-04-16,102.62,71.16,14,Active,10.51
M02770,Central,Residential,2025-04-07,23.07,7.44,12,Active,6.55
M02771,Central,Residential,2025-08-18,27.61,13.51,17,Active,6.09
M02772,Central,Residential,2025-08-15,45.22,20.78,20,Active,6.51
M02773,Central,Residential,2025-04-10,34.87,20.32,21,Active,7.15
M02774,South,Residential,2025-02-24,23.41,6.49,16,Active,6.01
M02775,East,Commercial,2025-07-14,57.22,33.15,27,Active,9.16
M02776,West,Industrial,2025-01-08,90.21,38.55,18,Active,10.35
M02777,Central,Industrial,2025-11-11,108.95,77.68,20,Active,10.79
M02778,Central,Residential,2025-05-08,19.52,13.17,14,Active,7.19
M02779,Central,Industrial,2025-02-01,98.68,44.38,16,Active,10.63
M02780,East,Residential,2025-04-03,20.1,15.0,18,Active,6.05
M02781,North,Residential,2025-01-07,35.27,9.73,20,Active,6.36
M02782,North,Industrial,2025-09-15,122.66,79.03,20,Active,9.99
M02783,South,Commercial,2025-12-07,50.21,23.44,16,Active,8.91
M02784,North,Residential,2025-08-08,43.33,20.22,12,Active,6.84
M02785,Central,Residential,2025-08-28,26.24,8.79,18,Active,6.22
M02786,Central,Residential,2025-04-16,37.12,18.84,19,Faulty,6.96
M02787,Central,Commercial,2025-02-05,83.78,24.49,15,Active,8.2
M02788,South,Residential,2025-02-14,45.63,25.47,15,Faulty,6.59
M02789,Central,Industrial,2025-10-25,96.95,35.95,16,Active,10.25
M02790,North,Residential,2025-11-05,52.5,32.15,17,Active,7.13
M02791,East,Residential,2025-01-09,38.14,21.12,16,Faulty,6.82
M02792,East,Residential,2025-03-28,28.01,17.46,16,Faulty,7.24
M02793,West,Residential,2025-11-27,33.4,20.87,14,Active,7.29
M02794,North,Residential,2025-06-26,24.96,8.69,19,Active,6.66
M02795,Central,Commercial,2025-05-10,74.84,18.74,24,Active,8.07
M02796,East,Industrial,2025-07-14,91.55,39.63,23,Active,9.54
M02797,North,Industrial,2025-01-11,121.47,86.19,21,Active,10.61
M02798,East,Commercial,2025-11-02,47.12,25.4,18,Active,8.65
M02799,Central,Industrial,2025-05-02,103.73,63.66,17,Active,9.98
M02800,East,Commercial,2025-08-23,77.86,53.71,17,Active,8.37
M02801,West,Commercial,2025-11-27,77.41,54.42,23,Active,8.37
M02802,West,Residential,2025-01-31,30.25,15.56,15,Active,6.09
M02803,East,Residential,2025-12-14,42.32,22.03,20,Active,6.39
M02804,North,Residential,2025-08-12,27.67,18.69,17,Active,6.84
M02805,North,Residential,2025-06-02,26.33,17.21,17,Active,6.5
M02806,North,Residential,2025-07-31,26.75,16.03,16,Active,7.23
M02807,East,Industrial,2025-04-02,103.48,57.14,11,Faulty,10.37
M02808,North,Residential,2025-11-27,20.7,11.56,20,Active,7.12
M02809,Central,Residential,2025-12-14,50.62,21.84,16,Active,6.15
M02810,West,Residential,2025-05-09,41.57,27.87,25,Active,6.59
M02811,Central,Residential,2025-07-16,39.75,22.22,19,Faulty,6.05
M02812,North,Residential,2025-02-11,32.6,11.79,19,Active,7.16
M02813,Central,Residential,2025-08-16,56.3,20.83,16,Faulty,6.19
M02814,North,Residential,2025-07-13,27.49,18.72,22,Active,7.05
M02815,East,Residential,2025-01-18,42.21,23.76,20,Active,7.2
M02816,Central,Commercial,2025-11-29,65.97,29.64,14,Faulty,8.57
M02817,East,Commercial,2025-08-31,53.47,18.37,24,Active,8.51
M02818,East,Residential,2025-10-03,24.88,13.81,16,Active,6.78
M02819,South,Residential,2025-05-07,34.7,11.87,23,Active,6.96
M02820,North,Residential,2025-03-16,40.8,19.79,19,Active,6.84
M02821,West,Commercial,2025-03-03,56.91,33.51,18,Active,8.0
M02822,North,Residential,2025-10-15,22.64,12.06,21,Faulty,7.02
M02823,West,Residential,2025-07-05,36.71,26.1,11,Active,6.19
M02824,North,Commercial,2025-06-27,62.97,16.99,16,Active,8.58
M02825,East,Residential,2025-06-15,29.91,11.66,13,Active,6.37
M02826,Central,Residential,2025-07-02,18.98,5.29,31,Active,7.21
M02827,Central,Residential,2025-01-28,38.6,13.41,15,Faulty,6.65
M02828,South,Industrial,2025-11-26,107.62,33.58,20,Faulty,10.18
M02829,West,Industrial,2025-09-04,109.14,67.27,18,Faulty,9.6
M02830,West,Commercial,2025-12-03,70.66,30.72,21,Active,9.17
M02831,West,Residential,2025-01-22,33.07,23.56,27,Active,6.31
M02832,East,Residential,2025-04-06,24.36,6.37,16,Active,6.54
M02833,West,Industrial,2025-05-02,110.16,63.5,12,Active,10.78
M02834,Central,Industrial,2025-09-07,109.06,80.19,21,Active,9.65
M02835,East,Residential,2025-11-04,22.88,7.73,14,Faulty,6.93
M02836,North,Commercial,2025-11-30,60.52,28.52,14,Active,8.34
M02837,West,Residential,2025-11-22,23.75,14.27,19,Active,6.55
M02838,West,Residential,2025-05-17,45.35,25.69,23,Active,6.54
M02839,North,Commercial,2025-10-04,55.95,29.82,21,Active,9.21
M02840,West,Residential,2025-11-16,24.04,9.94,22,Faulty,6.01
M02841,North,Industrial,2025-11-28,98.31,60.37,16,Active,9.98
M02842,East,Residential,2025-03-02,30.89,17.81,14,Active,7.11
M02843,Central,Residential,2025-09-07,42.39,14.05,12,Active,7.18
M02844,North,Industrial,2025-04-05,107.64,78.8,22,Active,9.9
M02845,South,Industrial,2025-10-23,99.19,52.36,16,Active,9.81
M02846,North,Residential,2025-07-03,36.84,18.89,18,Active,6.6
M02847,West,Residential,2025-09-17,30.92,20.84,16,Active,6.97
M02848,East,Commercial,2025-10-14,62.09,35.4,20,Active,8.2
M02849,East,Residential,2025-06-04,20.63,5.93,15,Active,7.02
M02850,North,Industrial,2025-07-05,99.83,50.24,16,Active,10.17
M02851,Central,Industrial,2025-03-10,93.88,60.11,27,Active,9.68
M02852,South,Residential,2025-11-22,25.37,15.22,16,Active,6.87
M02853,East,Residential,2025-09-18,32.49,23.89,13,Active,6.82
M02854,West,Residential,2025-04-25,40.39,10.6,22,Active,6.81
M02855,West,Industrial,2025-12-13,117.85,44.85,18,Faulty,10.48
M02856,Central,Residential,2025-01-08,46.36,24.32,18,Active,6.24
M02857,East,Residential,2025-09-22,37.93,21.23,17,Active,6.91
M02858,North,Residential,2025-09-28,32.04,12.41,23,Active,7.15
M02859,West,Commercial,2025-09-06,60.55,40.17,22,Active,8.69
M02860,Central,Residential,2025-04-15,28.9,9.6,21,Active,6.63
M02861,East,Residential,2025-09-20,43.32,10.85,13,Active,7.04
M02862,East,Industrial,2025-08-12,126.93,92.18,17,Active,9.69
M02863,East,Industrial,2025-11-24,124.21,55.37,19,Faulty,9.94
M02864,East,Commercial,2025-09-28,61.72,44.98,17,Active,9.11
M02865,East,Residential,2025-06-14,27.0,10.5,18,Active,6.65
M02866,West,Residential,2025-03-24,39.2,11.04,18,Faulty,7.09
M02867,Central,Commercial,2025-10-22,53.36,33.95,23,Active,8.33
M02868,East,Residential,2025-05-14,33.0,22.04,30,Active,6.51
M02869,South,Industrial,2025-07-30,101.44,50.32,21,Active,10.57
M02870,South,Commercial,2025-11-09,65.21,18.71,20,Active,8.21
M02871,Central,Residential,2025-04-02,34.74,20.05,16,Active,7.16
M02872,North,Industrial,2025-12-03,100.96,34.43,22,Active,9.9
M02873,North,Industrial,2025-05-07,143.33,96.7,15,Active,10.76
M02874,North,Residential,2025-07-10,23.02,8.91,15,Active,7.08
M02875,South,Residential,2025-06-08,27.13,18.28,17,Active,6.59
M02876,North,Residential,2025-11-27,37.24,17.26,20,Faulty,6.96
M02877,West,Residential,2025-12-01,48.92,26.82,15,Active,6.72
M02878,East,Residential,2025-01-10,45.66,29.44,13,Active,7.11
M02879,South,Commercial,2025-04-17,51.21,13.84,14,Active,8.67
M02880,Central,Industrial,2025-03-28,130.72,86.35,19,Faulty,10.78
M02881,Central,Residential,2025-03-08,38.6,12.33,19,Faulty,6.17
M02882,East,Residential,2025-03-03,33.73,14.48,28,Active,6.88
M02883,South,Commercial,2025-05-26,62.38,30.34,16,Active,8.32
M02884,North,Residential,2025-06-02,70.74,49.36,19,Active,6.25
M02885,North,Industrial,2025-04-17,126.21,32.97,15,Active,10.03
M02886,West,Residential,2025-05-28,24.81,13.14,16,Faulty,6.48
M02887,West,Residential,2025-07-05,32.62,18.63,15,Faulty,6.06
M02888,North,Residential,2025-12-15,44.98,18.36,16,Active,6.56
M02889,Central,Commercial,2025-12-08,87.26,34.49,27,Active,9.24
M02890,Central,Residential,2025-06-27,28.32,14.03,22,Active,6.61
M02891,West,Commercial,2025-12-01,59.74,20.52,12,Active,8.39
M02892,East,Residential,2025-09-23,35.78,17.32,17,Active,7.23
M02893,North,Residential,2025-05-29,63.85,40.39,26,Active,6.66
M02894,West,Residential,2025-09-04,36.02,24.23,15,Active,6.37
M02895,West,Industrial,2025-09-11,104.02,46.04,17,Active,10.52
M02896,North,Industrial,2025-01-29,106.21,59.33,17,Active,9.79
M02897,North,Residential,2025-12-18,47.8,11.95,22,Active,6.32
M02898,Central,Residential,2025-09-23,23.1,12.13,13,Active,6.42
M02899,East,Residential,2025-01-13,54.31,40.06,15,Active,6.51
M02900,East,Residential,2025-02-16,28.27,11.48,11,Active,6.76
M02901,North,Residential,2025-05-31,33.44,18.3,16,Active,6.67
M02902,South,Industrial,2025-02-19,98.95,62.45,17,Active,10.47
M02903,West,Industrial,2025-08-03,99.81,55.34,19,Active,10.43
M02904,West,Residential,2025-05-12,50.28,23.09,21,Active,6.06
M02905,North,Residential,2025-04-23,29.55,9.64,13,Active,6.17
M02906,South,Industrial,2025-09-09,116.48,56.13,14,Active,9.78
M02907,Central,Commercial,2025-12-07,71.34,28.35,22,Active,8.78
M02908,North,Residential,2025-02-22,39.53,23.64,12,Active,7.16
M02909,North,Residential,2025-05-10,46.14,21.73,18,Active,6.42
M02910,West,Residential,2025-11-20,26.28,17.74,29,Active,7.25
M02911,North,Residential,2025-07-12,19.28,6.68,12,Active,6.22
M02912,North,Residential,2025-03-20,31.14,14.29,9,Faulty,7.2
M02913,North,Residential,2025-02-26,43.62,23.06,20,Active,7.04
M02914,West,Commercial,2025-04-07,106.04,33.19,23,Active,8.51
M02915,Central,Residential,2025-07-17,39.81,21.65,17,Active,6.27
M02916,Central,Residential,2025-05-15,41.62,16.46,23,Active,6.51
M02917,North,Residential,2025-05-27,33.84,12.34,17,Active,6.28
M02918,West,Commercial,2025-06-21,69.33,22.25,27,Active,8.73
M02919,Central,Industrial,2025-03-04,104.81,44.54,21,Active,10.25
M02920,Central,Residential,2025-03-06,24.51,17.51,17,Faulty,7.0
M02921,Central,Residential,2025-10-22,49.77,13.21,17,Active,6.69
M02922,West,Industrial,2025-07-30,117.79,79.64,16,Faulty,9.95
M02923,West,Residential,2025-04-19,38.88,17.44,15,Active,7.19
M02924,North,Residential,2025-10-09,28.01,14.87,19,Active,6.1
M02925,East,Residential,2025-06-21,35.33,17.89,25,Active,7.05
M02926,Central,Residential,2025-01-12,26.19,18.67,16,Active,6.53
M02927,East,Residential,2025-11-29,29.03,18.44,17,Active,6.24
M02928,West,Industrial,2025-08-08,110.68,82.17,19,Active,9.66
M02929,West,Commercial,2025-12-08,61.57,39.85,18,Active,8.29
M02930,West,Residential,2025-10-13,24.09,9.59,13,Active,6.16
M02931,East,Industrial,2025-06-21,116.79,85.43,20,Active,10.1
M02932,West,Residential,2025-08-24,64.99,48.21,25,Faulty,6.45
M02933,North,Residential,2025-06-15,28.88,9.0,16,Active,6.46
M02934,West,Commercial,2025-07-06,73.07,51.19,17,Active,8.2
M02935,South,Commercial,2025-06-19,59.06,34.38,31,Active,8.86
M02936,East,Residential,2025-02-21,54.46,38.72,22,Active,6.79
M02937,South,Residential,2025-11-15,40.62,28.75,16,Active,7.28
M02938,West,Commercial,2025-07-08,55.14,38.36,12,Active,8.22
M02939,North,Commercial,2025-04-30,91.41,63.31,23,Active,9.08
M02940,Central,Commercial,2025-04-15,69.8,21.56,22,Active,8.04
M02941,West,Residential,2025-06-11,39.48,12.7,15,Active,6.1
M02942,North,Residential,2025-10-22,24.62,7.6,24,Active,6.84
M02943,East,Residential,2025-02-10,29.53,8.73,19,Active,6.53
M02944,South,Residential,2025-12-30,57.41,24.49,19,Active,6.3
M02945,South,Industrial,2025-06-14,109.92,65.07,29,Active,9.5
M02946,South,Residential,2025-11-17,40.86,17.46,23,Active,6.86
M02947,East,Residential,2025-12-01,41.62,25.39,16,Faulty,6.57
M02948,North,Commercial,2025-06-09,60.76,40.11,27,Active,8.22
M02949,East,Residential,2025-09-21,26.86,15.66,16,Active,7.26
M02950,South,Residential,2025-12-19,28.29,13.65,22,Faulty,6.46
M02951,West,Commercial,2025-01-18,90.58,36.03,20,Active,8.39
M02952,Central,Industrial,2025-06-22,95.04,29.67,19,Active,10.16
M02953,East,Commercial,2025-12-18,50.2,24.94,13,Active,8.36
M02954,East,Residential,2025-02-02,28.19,17.19,23,Active,6.35
M02955,North,Commercial,2025-09-18,58.86,30.85,22,Active,9.26
M02956,North,Commercial,2025-07-29,53.09,32.42,20,Faulty,8.34
M02957,East,Residential,2025-11-26,42.09,17.58,16,Active,6.79
M02958,South,Residential,2025-06-13,34.22,9.7,22,Active,6.05
M02959,Central,Industrial,2025-01-05,111.49,70.86,17,Active,9.7
M02960,North,Residential,2025-02-03,29.87,10.75,20,Active,6.03
M02961,South,Commercial,2025-10-07,73.03,40.76,16,Active,8.69
M02962,West,Residential,2025-05-25,27.02,17.62,23,Active,6.64
M02963,North,Residential,2025-12-17,41.45,13.25,16,Active,6.43
M02964,South,Residential,2025-03-12,34.81,19.12,21,Active,6.91
M02965,South,Commercial,2025-12-14,96.99,57.68,20,Active,8.81
M02966,Central,Residential,2025-08-18,54.66,34.07,20,Active,6.78
M02967,Central,Residential,2025-05-05,43.9,14.22,25,Active,6.44
M02968,West,Commercial,2025-10-05,54.81,36.31,16,Active,8.43
M02969,South,Commercial,2025-09-28,87.21,25.91,20,Active,9.14
M02970,South,Industrial,2025-12-23,106.29,54.19,21,Active,10.21
M02971,Central,Residential,2025-01-15,29.25,13.8,15,Active,6.35
M02972,North,Residential,2025-08-30,35.91,12.96,26,Active,6.71
M02973,North,Industrial,2025-06-02,138.68,55.61,21,Active,9.85
M02974,East,Commercial,2025-02-22,50.14,16.66,16,Active,8.24
M02975,Central,Residential,2025-05-29,27.63,12.79,20,Active,6.37
M02976,East,Residential,2025-12-24,24.7,6.61,17,Active,6.82
M02977,Central,Commercial,2025-08-07,53.06,36.85,13,Faulty,8.67
M02978,West,Residential,2025-04-23,21.83,7.24,18,Active,6.21
M02979,South,Commercial,2025-10-15,46.78,32.42,19,Active,9.18
M02980,West,Residential,2025-10-04,41.03,27.97,16,Active,6.65
M02981,Central,Residential,2025-03-24,29.37,13.98,20,Active,7.03
M02982,South,Commercial,2025-08-06,47.38,23.64,17,Active,8.43
M02983,North,Residential,2025-08-14,44.47,17.83,12,Active,7.24
M02984,North,Residential,2025-09-27,33.89,25.36,14,Active,6.98
M02985,East,Residential,2025-01-15,34.27,20.06,16,Active,6.59
M02986,Central,Residential,2025-10-17,24.04,17.45,11,Active,7.17
M02987,Central,Commercial,2025-12-05,55.61,25.44,11,Active,8.93
M02988,North,Commercial,2025-09-22,62.51,43.23,21,Active,8.56
M02989,West,Commercial,2025-07-18,53.56,25.39,16,Active,9.27
M02990,South,Residential,2025-06-07,25.51,17.43,23,Active,6.39
M02991,West,Residential,2025-11-29,58.56,18.47,14,Active,6.33
M02992,West,Residential,2025-07-26,21.9,12.45,13,Active,7.16
M02993,North,Industrial,2025-06-23,124.59,73.43,12,Active,10.42
M02994,North,Commercial,2025-07-03,59.54,34.42,21,Active,8.45
M02995,North,Commercial,2025-09-22,57.02,27.0,15,Faulty,8.3
M02996,East,Residential,2025-09-03,37.71,22.32,17,Active,6.23
M02997,West,Residential,2025-02-05,54.04,19.98,21,Faulty,6.41
M02998,Central,Residential,2025-09-16,35.42,19.41,16,Active,6.16
M02999,South,Residential,2025-01-19,49.23,25.95,16,Active,6.19
M03000,East,Residential,2025-01-23,35.62,14.57,16,Active,7.01
M03001,Central,Industrial,2025-04-14,98.53,63.0,28,Active,9.58
M03002,West,Residential,2025-08-29,32.03,9.3,15,Active,6.57
M03003,North,Residential,2025-12-27,19.39,6.51,14,Active,6.53
M03004,West,Residential,2025-07-23,49.59,24.08,18,Active,7.25
M03005,South,Industrial,2025-09-10,116.61,81.15,13,Active,10.11
M03006,East,Commercial,2025-05-22,55.62,29.9,22,Active,8.21
M03007,East,Commercial,2025-10-29,76.61,51.41,15,Active,8.11
M03008,South,Industrial,2025-05-23,121.39,61.76,27,Active,10.45
M03009,Central,Residential,2025-09-28,21.29,13.68,19,Active,6.19
M03010,Central,Commercial,2025-11-03,61.35,25.33,17,Active,9.22
M03011,East,Residential,2025-04-20,23.06,15.16,13,Active,6.73
M03012,East,Residential,2025-01-08,43.25,19.5,15,Active,6.52
M03013,North,Commercial,2025-03-10,61.88,32.76,25,Active,8.89
M03014,Central,Commercial,2025-07-09,53.14,17.96,23,Active,8.26
M03015,South,Residential,2025-06-28,42.55,30.22,21,Active,6.5
M03016,Central,Residential,2025-03-04,31.23,18.76,21,Active,6.04
M03017,North,Residential,2025-03-09,29.5,20.04,23,Active,7.14
M03018,East,Residential,2025-07-25,30.69,10.86,25,Active,6.55
M03019,East,Residential,2025-01-06,24.64,6.99,17,Active,6.99
M03020,North,Residential,2025-04-29,40.35,16.89,27,Active,7.19
M03021,South,Residential,2025-11-09,39.69,20.18,16,Active,6.85
M03022,East,Commercial,2025-01-31,58.69,38.22,25,Active,8.49
M03023,West,Residential,2025-01-06,23.54,10.57,20,Active,6.81
M03024,East,Residential,2025-07-26,22.86,8.8,17,Active,6.47
M03025,West,Residential,2025-06-06,28.03,12.23,24,Active,6.74
M03026,North,Industrial,2025-03-08,108.24,65.14,23,Active,10.06
M03027,North,Residential,2025-11-26,53.6,22.41,15,Faulty,6.19
M03028,East,Residential,2025-12-19,33.97,25.12,16,Active,7.01
M03029,Central,Residential,2025-12-02,35.3,11.91,22,Active,6.65
M03030,West,Commercial,2025-10-16,60.65,38.0,13,Active,8.25
M03031,South,Commercial,2025-05-20,60.84,33.13,15,Active,9.16
M03032,East,Commercial,2025-10-27,50.75,18.6,13,Faulty,9.11
M03033,South,Industrial,2025-01-13,132.07,82.78,19,Active,10.23
M03034,East,Commercial,2025-06-01,50.03,23.7,18,Active,9.26
M03035,Central,Commercial,2025-11-09,69.33,40.99,19,Active,9.21
M03036,Central,Residential,2025-12-18,34.59,20.1,25,Active,7.17
M03037,Central,Residential,2025-04-19,31.61,9.65,22,Active,6.17
M03038,Central,Industrial,2025-12-22,98.18,65.78,18,Active,9.88
M03039,North,Residential,2025-05-29,27.78,16.41,13,Active,6.53
M03040,North,Residential,2025-07-23,102.88,65.87,16,Active,7.08
M03041,West,Commercial,2025-11-03,52.27,24.77,17,Active,9.13
M03042,South,Residential,2025-01-21,39.43,13.7,15,Faulty,6.98
M03043,East,Commercial,2025-03-01,64.77,26.76,16,Active,8.61
M03044,East,Commercial,2025-01-21,57.2,40.08,21,Active,8.21
M03045,North,Residential,2025-12-29,34.33,24.68,22,Active,6.05
M03046,East,Commercial,2025-09-02,67.0,32.89,9,Active,8.91
M03047,North,Residential,2025-03-14,45.1,18.01,18,Active,7.29
M03048,West,Residential,2025-03-17,29.62,18.22,14,Active,6.45
M03049,South,Residential,2025-07-05,40.42,25.59,20,Active,6.74
M03050,West,Commercial,2025-03-19,57.76,37.99,12,Active,9.05
M03051,Central,Commercial,2025-03-06,50.25,13.34,22,Active,8.24
M03052,Central,Residential,2025-12-08,28.65,7.3,26,Active,7.08
M03053,Central,Commercial,2025-10-17,59.75,25.61,18,Active,8.81
M03054,West,Residential,2025-02-25,46.38,15.13,16,Active,6.74
M03055,East,Industrial,2025-11-27,102.3,66.75,16,Active,10.49
M03056,South,Residential,2025-09-16,34.02,17.57,18,Active,6.31
M03057,Central,Commercial,2025-07-09,64.22,42.56,23,Active,8.8
M03058,Central,Residential,2025-01-06,33.55,11.36,26,Active,6.31
M03059,Central,Residential,2025-01-06,25.12,14.16,9,Active,6.23
M03060,South,Residential,2025-07-10,50.95,27.52,26,Active,6.81
M03061,Central,Industrial,2025-05-28,121.9,51.22,20,Active,9.85
M03062,South,Residential,2025-09-15,33.05,16.81,18,Active,6.93
M03063,Central,Industrial,2025-08-06,97.05,52.85,18,Active,10.17
M03064,West,Residential,2025-03-31,22.73,15.79,19,Active,6.9
M03065,West,Residential,2025-11-08,29.55,8.21,23,Active,7.16
M03066,South,Residential,2025-12-18,31.95,21.14,30,Faulty,6.18
M03067,West,Commercial,2025-01-10,68.08,50.38,18,Active,8.09
M03068,South,Residential,2025-03-28,44.16,27.2,15,Active,6.52
M03069,West,Industrial,2025-09-07,118.2,73.13,17,Active,10.43
M03070,West,Industrial,2025-11-22,101.95,36.6,19,Active,10.65
M03071,South,Industrial,2025-05-31,101.49,51.92,20,Active,9.55
M03072,East,Residential,2025-04-23,37.46,22.59,15,Active,7.03
M03073,West,Commercial,2025-01-30,52.2,28.77,17,Active,8.1
M03074,Central,Commercial,2025-05-08,71.16,31.49,9,Active,8.75
M03075,East,Residential,2025-03-19,34.33,24.72,17,Active,6.45
M03076,South,Commercial,2025-02-24,64.74,32.82,23,Active,8.02
M03077,East,Residential,2025-11-01,19.73,14.5,22,Active,6.13
M03078,North,Residential,2025-02-03,21.9,11.65,14,Active,6.46
M03079,North,Residential,2025-04-15,23.72,15.34,18,Active,7.24
M03080,West,Residential,2025-06-21,19.58,12.16,24,Active,6.2
M03081,West,Residential,2025-01-22,28.91,16.78,17,Active,6.35
M03082,Central,Residential,2025-10-14,29.34,7.55,21,Active,7.29
M03083,East,Commercial,2025-04-15,53.37,15.41,22,Faulty,8.62
M03084,North,Residential,2025-05-29,53.15,28.74,19,Active,6.34
M03085,West,Residential,2025-09-29,57.03,40.26,19,Active,6.8
M03086,East,Residential,2025-10-03,29.29,16.13,27,Active,6.57
M03087,West,Commercial,2025-10-26,59.19,21.78,21,Active,9.12
M03088,West,Commercial,2025-06-21,64.34,26.39,21,Active,8.01
M03089,North,Commercial,2025-02-16,103.61,58.19,27,Active,9.3
M03090,North,Commercial,2025-04-24,79.96,43.86,12,Active,8.09
M03091,West,Residential,2025-10-02,45.15,32.86,12,Active,6.7
M03092,South,Commercial,2025-10-31,57.34,29.5,14,Active,8.91
M03093,West,Residential,2025-07-26,23.39,10.0,16,Active,6.71
M03094,West,Residential,2025-08-30,30.06,15.41,22,Faulty,6.39
M03095,Central,Commercial,2025-10-28,52.29,33.63,17,Active,9.11
M03096,Central,Residential,2025-07-15,29.06,15.12,18,Active,6.56
M03097,Central,Commercial,2025-06-13,48.87,20.18,16,Active,8.39
M03098,South,Commercial,2025-06-25,68.34,28.66,21,Active,9.0
M03099,South,Residential,2025-12-09,38.29,24.06,20,Active,6.19
M03100,West,Residential,2025-09-28,26.36,7.47,17,Active,6.27
M03101,Central,Residential,2025-04-20,58.24,22.56,16,Active,6.33
M03102,South,Industrial,2025-06-21,94.06,30.71,19,Active,10.07
M03103,North,Commercial,2025-12-18,47.96,34.64,15,Active,8.03
M03104,West,Residential,2025-07-21,31.38,9.26,16,Active,7.29
M03105,East,Residential,2025-06-17,29.62,18.63,9,Active,6.78
M03106,West,Commercial,2025-04-12,64.78,36.61,18,Faulty,9.26
M03107,East,Commercial,2025-03-27,75.92,43.0,23,Active,9.05
M03108,Central,Residential,2025-05-22,51.09,32.27,16,Active,6.17
M03109,East,Residential,2025-12-03,31.12,14.01,17,Faulty,6.27
M03110,Central,Industrial,2025-08-01,102.15,46.01,20,Active,9.54
M03111,North,Residential,2025-02-20,40.67,16.04,14,Active,7.08
M03112,East,Residential,2025-04-22,25.27,13.87,13,Faulty,6.77
M03113,West,Industrial,2025-09-28,97.24,69.52,21,Active,9.78
M03114,Central,Commercial,2025-03-06,71.22,50.71,22,Faulty,9.26
M03115,West,Residential,2025-12-10,20.99,12.63,18,Active,6.96
M03116,South,Residential,2025-07-02,36.13,25.4,20,Active,6.92
M03117,Central,Residential,2025-11-28,28.89,21.14,21,Active,6.35
M03118,East,Residential,2025-01-10,28.28,18.31,27,Active,6.41
M03119,Central,Industrial,2025-08-22,106.96,48.55,18,Active,10.37
M03120,West,Residential,2025-10-25,38.77,19.06,15,Active,6.77
M03121,North,Commercial,2025-09-01,50.04,35.81,17,Active,8.84
M03122,Central,Industrial,2025-12-17,104.0,60.84,18,Faulty,10.64
M03123,East,Residential,2025-09-24,40.88,26.99,23,Active,6.21
M03124,South,Residential,2025-04-28,34.02,10.48,13,Active,6.15
M03125,North,Residential,2025-05-24,44.13,15.31,16,Faulty,6.73
M03126,South,Industrial,2025-07-20,104.52,44.11,17,Active,10.15
M03127,Central,Commercial,2025-08-27,58.28,20.06,21,Active,8.52
M03128,West,Residential,2025-11-30,23.1,16.24,17,Active,7.18
M03129,West,Commercial,2025-09-03,107.02,38.36,13,Active,8.73
M03130,East,Commercial,2025-12-12,63.49,33.56,10,Active,8.74
M03131,West,Industrial,2025-01-08,106.31,31.12,19,Active,9.98
M03132,North,Residential,2025-06-01,43.28,14.17,11,Active,6.45
M03133,West,Residential,2025-07-30,32.92,12.3,15,Faulty,7.28
M03134,East,Industrial,2025-06-07,105.13,77.95,20,Active,10.31
M03135,Central,Residential,2025-02-27,25.5,16.54,13,Active,7.07
M03136,Central,Residential,2025-03-27,23.55,13.82,18,Active,6.58
M03137,West,Residential,2025-02-24,23.94,16.95,17,Active,6.25
M03138,South,Residential,2025-07-20,48.28,35.15,19,Faulty,6.42
M03139,Central,Residential,2025-05-02,20.23,9.65,19,Active,6.45
M03140,West,Industrial,2025-04-18,101.87,42.16,13,Active,10.23
M03141,East,Residential,2025-10-31,52.64,21.46,27,Active,6.2
M03142,West,Residential,2025-05-12,21.51,5.76,22,Active,6.5
M03143,Central,Commercial,2025-07-17,79.68,31.06,20,Active,8.13
M03144,East,Residential,2025-02-16,25.14,10.75,8,Active,6.65
M03145,West,Residential,2025-08-16,54.95,14.75,22,Faulty,7.23
M03146,North,Commercial,2025-09-02,78.63,54.36,17,Active,8.44
M03147,East,Industrial,2025-07-22,99.47,67.04,22,Active,9.56
M03148,North,Commercial,2025-09-18,48.97,18.4,21,Active,8.79
M03149,South,Commercial,2025-06-27,66.21,43.12,15,Active,8.83
M03150,East,Residential,2025-01-24,24.35,15.78,8,Active,6.62
M03151,North,Industrial,2025-06-24,98.87,41.28,13,Active,10.02
M03152,Central,Residential,2025-10-01,24.54,14.69,21,Active,7.16
M03153,Central,Commercial,2025-12-06,50.14,19.8,28,Active,9.22
M03154,South,Residential,2025-09-18,24.19,6.9,16,Active,6.88
M03155,East,Industrial,2025-10-13,98.44,49.46,33,Active,10.15
M03156,East,Commercial,2025-01-01,66.05,30.99,15,Active,8.09
M03157,East,Commercial,2025-03-27,72.24,23.05,19,Active,8.39
M03158,South,Residential,2025-12-04,32.28,15.99,21,Active,6.37
M03159,East,Residential,2025-03-10,31.01,22.47,16,Active,6.08
M03160,Central,Commercial,2025-01-31,58.34,35.92,17,Active,9.1
M03161,North,Commercial,2025-07-17,66.54,41.22,26,Faulty,9.13
M03162,Central,Residential,2025-04-01,23.06,14.5,11,Active,7.19
M03163,Central,Industrial,2025-12-15,116.33,72.39,24,Active,10.46
M03164,North,Industrial,2025-01-16,119.93,31.18,16,Active,10.42
M03165,Central,Residential,2025-11-06,23.06,16.43,29,Active,6.62
M03166,South,Commercial,2025-10-03,64.55,42.93,10,Active,9.11
M03167,North,Residential,2025-12-04,23.22,8.99,17,Active,6.66
M03168,Central,Residential,2025-06-11,35.97,18.93,20,Active,6.04
M03169,West,Residential,2025-07-11,78.59,43.81,20,Active,6.76
M03170,Central,Commercial,2025-05-31,49.21,15.55,16,Active,8.51
M03171,South,Commercial,2025-12-31,46.27,17.44,19,Active,8.68
M03172,East,Residential,2025-04-23,65.74,17.2,22,Active,6.57
M03173,Central,Commercial,2025-09-30,56.38,38.45,17,Active,8.65
M03174,East,Commercial,2025-06-25,56.0,14.7,19,Active,8.14
M03175,West,Commercial,2025-05-29,71.19,29.14,14,Active,8.02
M03176,Central,Residential,2025-06-27,30.61,8.85,19,Active,6.44
M03177,North,Industrial,2025-08-11,93.39,59.84,13,Active,9.83
M03178,East,Residential,2025-09-16,27.86,19.85,21,Active,6.33
M03179,West,Residential,2025-09-30,26.86,14.27,12,Active,7.22
M03180,North,Residential,2025-07-08,28.43,9.09,17,Active,7.06
M03181,North,Residential,2025-11-02,18.62,9.85,16,Active,6.02
M03182,North,Industrial,2025-03-31,101.5,64.47,10,Active,9.51
M03183,North,Residential,2025-12-09,23.64,14.4,10,Active,7.01
M03184,Central,Commercial,2025-09-19,53.95,33.5,15,Active,9.28
M03185,Central,Residential,2025-06-05,30.18,11.76,15,Active,6.6
M03186,Central,Residential,2025-07-19,20.09,5.76,13,Active,6.56
M03187,West,Industrial,2025-02-24,104.24,33.82,17,Active,9.86
M03188,West,Commercial,2025-09-11,47.44,34.52,18,Active,8.87
M03189,West,Residential,2025-06-22,25.32,14.1,21,Active,6.61
M03190,South,Residential,2025-07-19,25.49,15.65,14,Active,6.22
M03191,West,Residential,2025-04-12,20.16,14.1,12,Active,6.63
M03192,Central,Residential,2025-10-12,30.23,20.45,15,Active,6.49
M03193,Central,Commercial,2025-05-31,67.64,24.3,13,Active,9.16
M03194,South,Commercial,2025-04-21,63.03,17.59,17,Active,9.0
M03195,South,Residential,2025-09-23,30.34,21.62,15,Active,6.91
M03196,West,Industrial,2025-04-01,112.75,83.53,21,Active,9.93
M03197,East,Commercial,2025-06-26,63.25,33.75,19,Faulty,8.18
M03198,South,Residential,2025-08-19,22.46,15.59,13,Active,7.12
M03199,North,Residential,2025-01-29,36.84,13.48,20,Active,6.45
M03200,Central,Commercial,2025-10-28,94.19,28.78,19,Active,8.77
M03201,North,Commercial,2025-07-14,70.12,35.05,25,Active,8.77
M03202,Central,Residential,2025-11-03,27.36,17.94,18,Active,7.21
M03203,Central,Residential,2025-08-27,38.94,22.48,17,Active,6.22
M03204,South,Residential,2025-12-23,60.48,34.39,21,Active,7.0
M03205,South,Commercial,2025-09-24,78.07,20.2,17,Active,8.6
M03206,North,Residential,2025-08-02,23.41,9.57,16,Active,6.23
M03207,Central,Residential,2025-03-23,38.59,27.78,14,Active,7.09
M03208,North,Commercial,2025-05-08,60.46,19.17,14,Faulty,9.07
M03209,East,Industrial,2025-09-19,131.82,80.83,17,Active,9.55
M03210,North,Industrial,2025-03-08,119.07,74.97,16,Active,10.42
M03211,West,Residential,2025-03-03,28.62,17.64,13,Active,6.2
M03212,North,Residential,2025-05-13,27.49,20.47,15,Faulty,6.79
M03213,West,Residential,2025-05-17,62.39,28.36,23,Active,6.84
M03214,West,Residential,2025-01-28,26.31,15.55,18,Faulty,6.86
M03215,West,Industrial,2025-07-30,94.71,32.85,13,Active,9.66
M03216,East,Residential,2025-07-24,46.2,20.78,17,Active,6.78
M03217,North,Residential,2025-09-10,32.21,15.97,14,Active,6.13
M03218,North,Residential,2025-02-07,39.16,14.0,19,Active,6.97
M03219,East,Residential,2025-02-12,35.05,24.65,18,Active,6.08
M03220,Central,Commercial,2025-04-27,66.92,40.69,9,Active,8.99
M03221,South,Residential,2025-07-09,28.81,11.29,15,Active,7.15
M03222,North,Residential,2025-02-15,32.28,10.25,16,Active,6.39
M03223,South,Residential,2025-06-15,31.54,12.42,15,Active,7.01
M03224,East,Residential,2025-11-01,27.5,15.44,14,Active,6.54
M03225,Central,Residential,2025-07-22,49.12,32.58,19,Active,7.04
M03226,Central,Commercial,2025-08-21,53.52,26.84,21,Active,8.89
M03227,Central,Commercial,2025-09-02,53.67,16.17,19,Active,8.38
M03228,East,Commercial,2025-07-28,58.37,21.87,15,Active,8.25
M03229,West,Industrial,2025-09-05,110.61,46.74,15,Active,10.69
M03230,West,Industrial,2025-10-22,100.8,57.26,30,Faulty,10.59
M03231,South,Industrial,2025-11-23,101.44,37.87,14,Active,10.36
M03232,West,Residential,2025-06-07,55.86,20.5,19,Active,6.45
M03233,West,Residential,2025-01-01,61.13,24.03,17,Active,6.66
M03234,Central,Residential,2025-08-05,44.33,24.22,14,Active,6.73
M03235,Central,Industrial,2025-09-06,102.94,51.09,14,Active,9.61
M03236,South,Industrial,2025-03-10,98.83,66.3,15,Active,10.76
M03237,North,Industrial,2025-01-30,109.06,65.32,11,Active,9.62
M03238,South,Residential,2025-04-25,21.97,12.82,17,Faulty,6.94
M03239,South,Industrial,2025-01-08,91.49,29.95,16,Active,10.14
M03240,East,Residential,2025-10-02,27.99,7.77,16,Active,6.99
M03241,East,Residential,2025-11-11,27.53,13.9,18,Active,6.34
M03242,South,Residential,2025-12-01,41.19,11.77,17,Active,6.51
M03243,South,Residential,2025-02-05,32.71,14.13,16,Active,6.68
M03244,South,Residential,2025-11-07,33.0,8.68,19,Active,6.16
M03245,West,Residential,2025-02-13,23.02,7.79,18,Active,7.11
M03246,East,Residential,2025-06-04,27.83,8.49,19,Active,7.29
M03247,South,Commercial,2025-03-18,72.51,47.17,19,Active,8.54
M03248,Central,Industrial,2025-03-19,106.44,45.03,8,Active,9.99
M03249,Central,Commercial,2025-04-11,56.19,16.26,19,Faulty,8.77
M03250,West,Residential,2025-01-30,30.61,11.72,13,Active,6.9
M03251,West,Commercial,2025-02-08,57.98,34.29,20,Active,9.13
M03252,North,Industrial,2025-08-27,108.69,67.69,22,Active,9.98
M03253,North,Residential,2025-01-13,79.23,24.56,18,Active,6.99
M03254,North,Residential,2025-05-02,21.22,13.57,20,Active,6.31
M03255,West,Residential,2025-05-24,24.11,10.49,27,Faulty,6.88
M03256,West,Residential,2025-06-21,30.49,17.98,24,Active,6.61
M03257,West,Commercial,2025-09-04,55.95,32.77,25,Faulty,8.86
M03258,Central,Industrial,2025-09-04,105.14,68.0,19,Active,9.99
M03259,West,Residential,2025-02-14,25.08,15.01,10,Active,6.38
M03260,Central,Commercial,2025-09-10,65.2,17.57,22,Active,8.63
M03261,North,Industrial,2025-10-18,95.74,48.8,15,Active,10.66
M03262,North,Industrial,2025-07-26,103.15,34.36,17,Active,10.38
M03263,North,Residential,2025-01-07,42.77,31.44,17,Active,6.8
M03264,South,Industrial,2025-08-30,122.44,46.27,14,Active,10.44
M03265,South,Residential,2025-04-20,29.25,13.46,12,Active,6.95
M03266,East,Commercial,2025-04-24,71.13,24.78,12,Active,8.38
M03267,East,Residential,2025-11-03,27.19,8.63,19,Faulty,6.3
M03268,East,Residential,2025-10-29,33.56,18.47,16,Faulty,6.66
M03269,South,Commercial,2025-10-03,51.67,25.66,19,Active,8.19
M03270,South,Residential,2025-04-06,30.14,13.18,16,Active,6.62
M03271,East,Residential,2025-10-21,30.82,9.02,19,Active,6.9
M03272,East,Residential,2025-07-08,42.58,26.31,10,Active,6.01
M03273,West,Commercial,2025-12-26,53.23,13.46,19,Active,8.14
M03274,East,Residential,2025-10-15,26.18,12.54,11,Active,7.25
M03275,West,Commercial,2025-06-03,64.92,36.76,20,Active,9.21
M03276,Central,Residential,2025-02-27,36.53,17.0,16,Active,6.54
M03277,South,Residential,2025-12-04,39.94,12.51,24,Active,6.77
M03278,East,Residential,2025-02-19,24.88,15.9,13,Active,6.2
M03279,South,Residential,2025-07-26,21.06,8.68,17,Active,6.43
M03280,South,Residential,2025-02-21,37.47,11.89,23,Active,7.03
M03281,South,Residential,2025-12-08,22.23,11.67,13,Active,7.11
M03282,Central,Industrial,2025-05-30,96.44,25.03,25,Active,10.03
M03283,North,Commercial,2025-02-22,57.02,23.49,19,Active,8.4
M03284,East,Residential,2025-08-01,23.25,14.54,20,Active,6.89
M03285,North,Residential,2025-03-07,31.39,22.17,9,Faulty,6.93
M03286,North,Industrial,2025-08-20,102.15,55.76,13,Active,10.78
M03287,North,Residential,2025-10-26,25.52,9.16,21,Faulty,6.91
M03288,South,Residential,2025-12-04,47.15,16.97,11,Active,6.31
M03289,West,Commercial,2025-05-31,47.46,26.19,18,Active,8.08
M03290,South,Commercial,2025-07-24,52.19,23.66,16,Active,8.33
M03291,South,Commercial,2025-11-16,64.84,21.96,22,Active,8.29
M03292,North,Residential,2025-09-12,29.31,18.87,17,Active,6.12
M03293,South,Residential,2025-05-17,27.13,9.5,23,Active,6.58
M03294,North,Commercial,2025-05-15,60.29,24.77,17,Active,8.37
M03295,West,Residential,2025-02-23,28.55,8.01,20,Active,7.2
M03296,East,Residential,2025-03-06,39.48,23.72,18,Faulty,6.53
M03297,North,Residential,2025-01-02,41.0,15.89,18,Active,7.14
M03298,West,Residential,2025-05-12,51.27,18.79,29,Faulty,6.4
M03299,East,Industrial,2025-11-30,113.77,45.7,25,Active,10.58
M03300,Central,Commercial,2025-02-01,50.5,34.7,14,Active,8.59
M03301,North,Commercial,2025-12-22,67.39,34.3,18,Active,8.04
M03302,North,Residential,2025-12-26,27.29,8.98,20,Faulty,6.63
M03303,Central,Residential,2025-08-31,34.48,21.97,20,Active,6.29
M03304,Central,Residential,2025-07-11,36.89,13.07,18,Active,6.4
M03305,North,Residential,2025-05-22,25.94,11.83,10,Active,6.89
M03306,Central,Industrial,2025-05-28,101.7,54.31,14,Active,10.19
M03307,South,Residential,2025-03-30,28.68,15.55,16,Faulty,7.16
M03308,East,Residential,2025-02-18,27.54,7.84,19,Active,7.22
M03309,East,Residential,2025-05-16,40.26,26.91,22,Active,6.9
M03310,East,Commercial,2025-07-10,47.7,23.36,16,Active,9.12
M03311,South,Residential,2025-05-29,24.83,18.49,18,Active,6.25
M03312,Central,Residential,2025-03-28,42.02,25.58,18,Active,6.1
M03313,West,Residential,2025-01-08,31.72,23.67,19,Active,6.43
M03314,Central,Industrial,2025-08-11,102.59,48.91,15,Active,9.92
M03315,North,Residential,2025-12-23,50.21,16.09,24,Active,6.86
M03316,East,Industrial,2025-01-16,105.17,64.54,21,Active,10.59
M03317,Central,Commercial,2025-10-23,56.62,36.17,15,Active,8.39
M03318,West,Residential,2025-04-16,41.34,27.96,26,Active,6.55
M03319,North,Commercial,2025-10-10,67.04,26.86,21,Active,8.14
M03320,South,Residential,2025-04-14,48.42,24.47,22,Active,6.54
M03321,South,Industrial,2025-12-27,112.8,76.56,13,Active,9.78
M03322,West,Residential,2025-05-26,25.08,17.11,20,Faulty,6.5
M03323,North,Residential,2025-02-04,51.42,13.52,22,Active,6.35
M03324,East,Residential,2025-04-23,24.74,14.48,21,Active,7.05
M03325,Central,Residential,2025-11-04,65.5,36.08,14,Active,6.01
M03326,North,Industrial,2025-02-22,114.49,33.39,8,Active,9.94
M03327,South,Residential,2025-12-13,47.46,33.94,12,Active,7.26
M03328,West,Commercial,2025-03-22,50.81,24.02,19,Faulty,8.88
M03329,West,Residential,2025-04-14,41.5,24.37,18,Active,7.0
M03330,Central,Industrial,2025-11-18,95.78,66.22,16,Active,10.62
M03331,West,Residential,2025-08-30,29.52,9.3,17,Active,6.47
M03332,West,Residential,2025-01-31,19.86,13.46,20,Active,6.09
M03333,North,Residential,2025-11-13,25.2,15.43,20,Faulty,6.53
M03334,East,Commercial,2025-07-11,49.15,32.92,13,Active,8.85
M03335,Central,Residential,2025-12-23,28.38,14.12,27,Active,6.48
M03336,North,Residential,2025-12-27,34.25,9.14,14,Active,6.58
M03337,East,Residential,2025-08-21,32.1,18.79,22,Faulty,7.07
M03338,North,Commercial,2025-04-08,101.31,44.3,20,Active,8.05
M03339,North,Residential,2025-02-03,36.36,16.41,22,Faulty,6.44
M03340,West,Commercial,2025-08-31,65.02,30.6,9,Faulty,8.63
M03341,East,Residential,2025-02-28,37.09,18.41,23,Active,6.39
M03342,Central,Industrial,2025-09-16,99.48,57.79,21,Active,10.08
M03343,Central,Industrial,2025-01-17,98.61,60.49,24,Active,10.02
M03344,East,Residential,2025-03-19,31.79,20.3,25,Active,7.2
M03345,West,Residential,2025-07-25,32.62,19.11,26,Active,6.64
M03346,South,Residential,2025-10-29,30.44,19.84,22,Active,6.62
M03347,North,Residential,2025-06-15,44.75,13.92,18,Active,6.33
M03348,West,Residential,2025-10-18,40.21,26.88,20,Active,6.06
M03349,East,Commercial,2025-04-22,61.66,27.35,16,Active,8.39
M03350,North,Residential,2025-11-13,27.56,14.18,19,Active,6.04
M03351,Central,Industrial,2025-12-19,96.15,44.89,19,Active,10.57
M03352,South,Residential,2025-05-25,38.08,18.58,26,Faulty,6.27
M03353,Central,Commercial,2025-06-05,60.14,23.62,22,Active,9.18
M03354,East,Residential,2025-06-27,38.04,12.74,18,Active,7.15
M03355,North,Residential,2025-12-12,45.76,13.84,15,Active,6.86
M03356,East,Residential,2025-05-16,23.11,10.99,17,Active,7.12
M03357,North,Residential,2025-11-11,40.3,12.6,10,Active,7.14
M03358,West,Residential,2025-01-18,22.82,8.5,25,Active,7.01
M03359,South,Commercial,2025-12-17,68.99,21.86,19,Active,8.66
M03360,West,Industrial,2025-06-04,104.53,31.84,23,Active,10.74
M03361,West,Residential,2025-09-29,34.48,23.83,13,Active,7.06
M03362,East,Residential,2025-09-23,44.85,26.33,19,Active,6.17
M03363,South,Residential,2025-12-26,22.52,16.03,17,Active,6.55
M03364,North,Residential,2025-11-28,19.65,11.24,14,Active,6.7
M03365,North,Residential,2025-01-16,48.89,32.85,16,Active,6.69
M03366,Central,Commercial,2025-01-12,81.14,42.81,15,Active,8.49
M03367,North,Industrial,2025-03-16,112.27,54.04,24,Active,10.19
M03368,East,Industrial,2025-07-31,106.35,54.69,18,Active,9.62
M03369,West,Residential,2025-06-28,27.09,11.11,17,Active,6.85
M03370,West,Industrial,2025-05-09,107.62,62.31,15,Active,10.15
M03371,West,Commercial,2025-10-10,58.27,40.71,23,Active,9.02
M03372,South,Residential,2025-07-14,45.7,29.3,18,Active,6.9
M03373,North,Residential,2025-09-25,30.81,14.82,19,Active,6.15
M03374,East,Commercial,2025-01-30,63.68,46.29,12,Faulty,8.46
M03375,South,Residential,2025-01-09,20.23,15.03,17,Faulty,6.96
M03376,Central,Residential,2025-11-05,35.45,17.6,18,Active,6.44
M03377,East,Residential,2025-11-06,60.5,41.28,18,Faulty,6.74
M03378,East,Commercial,2025-06-14,55.57,14.03,29,Active,9.25
M03379,East,Residential,2025-07-12,22.19,6.29,19,Active,6.1
M03380,West,Industrial,2025-11-01,105.66,27.6,22,Active,9.75
M03381,East,Commercial,2025-09-17,72.41,46.09,12,Active,8.62
M03382,North,Commercial,2025-07-11,67.29,19.51,23,Active,8.96
M03383,East,Residential,2025-03-20,71.49,18.48,23,Active,6.43
M03384,West,Commercial,2025-06-28,60.9,19.71,14,Active,8.15
M03385,East,Residential,2025-04-01,47.53,19.16,20,Active,6.41
M03386,Central,Residential,2025-08-03,26.67,12.86,26,Active,6.84
M03387,Central,Residential,2025-03-20,20.75,5.87,23,Active,7.03
M03388,West,Residential,2025-04-13,25.49,12.73,12,Active,7.27
M03389,North,Commercial,2025-04-21,54.47,20.37,26,Active,8.99
M03390,North,Residential,2025-11-10,30.67,11.87,18,Active,6.64
M03391,South,Residential,2025-09-04,44.47,29.39,21,Active,6.38
M03392,West,Residential,2025-08-22,28.7,21.34,14,Active,7.21
M03393,East,Industrial,2025-03-23,110.23,53.12,14,Active,10.19
M03394,West,Commercial,2025-05-12,62.01,25.48,21,Active,8.9
M03395,South,Commercial,2025-08-23,61.89,44.3,24,Active,8.61
M03396,West,Residential,2025-10-05,38.06,19.04,14,Active,6.31
M03397,West,Residential,2025-12-01,36.53,22.47,17,Active,6.71
M03398,South,Industrial,2025-04-09,96.13,43.92,18,Active,10.59
M03399,North,Residential,2025-02-07,29.39,10.32,13,Active,6.5
M03400,East,Residential,2025-06-10,23.7,13.69,11,Faulty,6.87
M03401,South,Commercial,2025-04-27,56.86,33.12,19,Active,8.06
M03402,Central,Residential,2025-08-29,30.44,14.61,17,Active,7.22
M03403,North,Commercial,2025-01-26,66.35,25.54,13,Active,9.26
M03404,Central,Residential,2025-05-16,37.38,24.89,14,Active,6.5
M03405,North,Residential,2025-02-19,46.64,18.08,8,Active,6.65
M03406,East,Residential,2025-10-21,19.09,11.06,18,Active,6.21
M03407,East,Residential,2025-10-25,35.34,15.62,20,Active,6.26
M03408,West,Industrial,2025-10-20,114.79,55.82,16,Active,10.28
M03409,Central,Commercial,2025-06-03,61.85,22.0,22,Active,8.82
M03410,North,Residential,2025-08-08,20.82,11.97,18,Active,6.44
M03411,East,Residential,2025-05-20,44.95,16.31,22,Active,6.49
M03412,South,Commercial,2025-02-18,69.56,34.28,14,Active,8.66
M03413,East,Commercial,2025-05-22,53.15,22.02,21,Active,9.22
M03414,South,Residential,2025-02-15,23.77,17.39,22,Active,6.19
M03415,North,Residential,2025-06-12,30.92,22.92,19,Active,6.72
M03416,East,Residential,2025-10-12,48.97,30.69,14,Active,6.08
M03417,East,Commercial,2025-09-25,85.7,63.59,17,Active,8.6
M03418,North,Industrial,2025-04-26,123.56,37.91,15,Active,10.02
M03419,East,Residential,2025-03-23,28.99,21.63,21,Active,6.21
M03420,South,Commercial,2025-02-13,54.2,16.36,15,Active,8.21
M03421,East,Residential,2025-07-13,38.13,17.45,15,Active,6.59
M03422,Central,Residential,2025-09-15,38.95,14.39,11,Active,6.16
M03423,West,Residential,2025-09-30,45.25,32.89,15,Active,6.38
M03424,South,Commercial,2025-10-01,68.77,39.05,14,Active,8.09
M03425,Central,Residential,2025-10-05,23.67,12.98,16,Active,6.39
M03426,North,Residential,2025-03-24,23.98,17.95,11,Active,6.69
M03427,South,Residential,2025-02-27,24.94,13.87,21,Active,6.97
M03428,West,Residential,2025-02-22,35.85,20.54,27,Active,7.08
M03429,West,Residential,2025-01-01,43.86,11.95,14,Faulty,6.44
M03430,North,Commercial,2025-08-04,70.93,48.2,17,Active,9.22
M03431,North,Residential,2025-11-13,31.82,23.39,20,Active,6.31
M03432,South,Commercial,2025-08-16,46.03,33.61,8,Active,8.1
M03433,East,Residential,2025-09-11,33.64,12.13,14,Active,7.2
M03434,North,Residential,2025-06-08,36.44,13.23,17,Active,6.7
M03435,East,Residential,2025-10-14,38.54,16.69,19,Active,6.46
M03436,Central,Residential,2025-03-07,22.72,9.2,20,Faulty,7.17
M03437,West,Residential,2025-11-05,62.81,25.3,16,Active,7.01
M03438,East,Residential,2025-04-05,22.4,12.38,16,Active,7.08
M03439,West,Commercial,2025-09-10,58.4,38.12,17,Active,8.38
M03440,East,Commercial,2025-05-30,51.49,36.99,25,Active,9.14
M03441,Central,Residential,2025-01-23,23.23,6.6,18,Active,6.84
M03442,North,Residential,2025-09-01,44.53,17.32,12,Active,6.96
M03443,Central,Residential,2025-08-03,50.39,19.02,16,Active,6.41
M03444,North,Residential,2025-05-11,47.74,20.47,20,Active,6.32
M03445,North,Residential,2025-12-09,27.78,12.84,22,Active,6.53
M03446,West,Industrial,2025-05-28,101.38,45.07,15,Active,10.25
M03447,Central,Residential,2025-04-19,35.07,25.46,13,Active,6.87
M03448,East,Residential,2025-02-09,34.9,16.35,11,Active,6.65
M03449,Central,Residential,2025-05-01,26.27,13.81,16,Active,6.91
M03450,West,Residential,2025-10-22,21.52,13.44,20,Active,6.92
M03451,North,Commercial,2025-04-30,85.35,52.28,16,Active,8.87
M03452,West,Residential,2025-01-18,31.64,17.13,18,Active,6.33
M03453,South,Residential,2025-06-18,35.71,24.3,20,Active,6.58
M03454,South,Commercial,2025-07-17,79.2,44.52,16,Active,9.0
M03455,East,Residential,2025-05-23,23.46,16.13,15,Active,7.15
M03456,West,Commercial,2025-02-06,54.44,21.85,13,Active,8.65
M03457,East,Commercial,2025-07-05,46.99,14.85,21,Active,9.28
M03458,East,Residential,2025-09-18,32.4,21.38,26,Active,6.23
M03459,South,Commercial,2025-08-19,53.38,23.55,19,Active,8.29
M03460,East,Residential,2025-09-11,26.01,14.97,18,Faulty,6.6
M03461,South,Residential,2025-11-25,30.18,18.67,19,Active,6.66
M03462,North,Residential,2025-10-24,39.04,16.14,22,Active,6.55
M03463,West,Residential,2025-01-10,24.06,12.09,25,Active,6.56
M03464,East,Commercial,2025-11-20,85.33,59.51,11,Active,8.63
M03465,South,Industrial,2025-08-18,111.7,77.06,21,Active,9.92
M03466,Central,Industrial,2025-01-24,109.91,68.66,17,Active,9.67
M03467,East,Commercial,2025-03-19,56.97,35.97,14,Active,9.24
M03468,North,Residential,2025-07-12,42.14,29.45,12,Active,7.03
M03469,North,Residential,2025-04-19,26.29,16.25,19,Active,7.06
M03470,Central,Residential,2025-10-07,27.04,11.35,14,Active,6.47
M03471,South,Residential,2025-09-20,40.38,12.53,14,Active,6.53
M03472,East,Residential,2025-11-25,54.08,24.93,15,Active,7.22
M03473,South,Industrial,2025-12-29,95.19,27.95,18,Active,10.76
M03474,North,Residential,2025-12-21,43.82,13.49,10,Active,7.23
M03475,South,Residential,2025-09-25,24.79,17.97,15,Active,6.84
M03476,North,Residential,2025-12-07,29.37,17.27,22,Active,6.32
M03477,South,Commercial,2025-09-16,51.85,35.04,24,Faulty,8.79
M03478,Central,Commercial,2025-12-01,46.89,26.8,17,Active,8.77
M03479,West,Commercial,2025-03-26,63.38,29.11,19,Active,9.18
M03480,Central,Residential,2025-01-10,56.57,14.85,24,Active,6.41
M03481,Central,Commercial,2025-10-16,58.76,42.77,19,Active,8.26
M03482,West,Residential,2025-10-29,49.63,14.17,17,Active,6.35
M03483,West,Industrial,2025-02-28,94.7,52.57,23,Active,9.82
M03484,East,Residential,2025-11-04,50.33,15.15,15,Active,6.84
M03485,East,Residential,2025-09-19,19.15,7.51,20,Active,7.06
M03486,Central,Residential,2025-10-12,28.97,9.93,16,Active,6.48
M03487,Central,Commercial,2025-04-29,46.9,24.71,16,Active,8.23
M03488,North,Residential,2025-06-17,33.65,23.34,12,Active,6.45
M03489,North,Industrial,2025-12-19,99.3,56.38,18,Faulty,10.21
M03490,East,Residential,2025-07-08,40.88,23.8,14,Faulty,6.86
M03491,East,Residential,2025-09-08,36.17,25.48,15,Active,6.71
M03492,North,Residential,2025-11-20,37.6,23.49,13,Active,6.33
M03493,North,Residential,2025-08-17,30.62,20.91,24,Faulty,7.19
M03494,South,Residential,2025-07-09,55.74,25.54,16,Active,6.57
M03495,South,Residential,2025-11-12,22.8,15.57,9,Active,6.6
M03496,North,Commercial,2025-05-04,73.6,42.17,16,Active,9.26
M03497,South,Residential,2025-03-25,36.17,11.49,17,Active,7.13
M03498,West,Industrial,2025-10-24,113.98,30.7,20,Active,10.55
M03499,East,Commercial,2025-08-03,85.2,31.7,12,Active,8.24
M03500,East,Commercial,2025-08-25,71.88,31.57,15,Active,9.09
M03501,North,Residential,2025-04-23,38.34,25.64,11,Active,6.59
M03502,Central,Residential,2025-08-05,45.58,28.29,19,Faulty,6.27
M03503,North,Residential,2025-11-17,45.37,33.02,15,Active,7.29
M03504,South,Commercial,2025-09-03,53.69,28.43,22,Active,8.22
M03505,Central,Industrial,2025-12-01,96.4,60.14,13,Faulty,10.7
M03506,South,Residential,2025-11-15,31.57,12.24,15,Active,6.0
M03507,West,Residential,2025-02-06,37.46,22.09,19,Active,6.57
M03508,South,Industrial,2025-03-05,108.18,65.24,18,Active,9.54
M03509,West,Residential,2025-08-07,41.07,27.69,18,Active,7.19
M03510,West,Commercial,2025-12-08,68.3,35.39,11,Active,8.16
M03511,South,Residential,2025-02-03,45.47,26.12,20,Active,6.88
M03512,South,Commercial,2025-02-08,58.77,20.66,21,Active,8.82
M03513,West,Residential,2025-03-08,57.6,35.62,13,Active,7.01
M03514,Central,Residential,2025-07-28,23.31,15.6,18,Active,6.97
M03515,West,Commercial,2025-11-14,60.17,32.91,11,Active,8.04
M03516,East,Industrial,2025-12-10,100.24,30.86,21,Active,10.0
M03517,West,Residential,2025-06-01,37.26,15.14,21,Active,6.42
M03518,Central,Residential,2025-12-31,39.7,19.36,22,Active,7.26
M03519,East,Commercial,2025-07-18,64.61,38.03,18,Active,9.01
M03520,North,Industrial,2025-03-30,102.66,42.11,23,Active,10.42
M03521,North,Commercial,2025-09-05,62.38,41.8,18,Active,8.57
M03522,Central,Industrial,2025-11-19,92.56,40.35,22,Active,10.66
M03523,West,Residential,2025-03-20,36.16,9.81,18,Active,6.02
M03524,South,Residential,2025-10-12,53.07,34.34,15,Active,6.3
M03525,Central,Commercial,2025-11-26,51.88,29.68,27,Active,8.9
M03526,East,Commercial,2025-02-01,52.65,34.27,16,Active,8.66
M03527,East,Residential,2025-03-28,19.39,8.23,18,Active,6.69
M03528,North,Residential,2025-02-08,29.59,7.66,14,Active,6.54
M03529,East,Commercial,2025-04-11,67.68,19.42,15,Active,8.22
M03530,Central,Residential,2025-09-01,25.39,7.77,19,Faulty,6.22
M03531,East,Residential,2025-08-20,59.71,38.97,21,Active,6.38
M03532,Central,Residential,2025-03-09,25.64,10.27,30,Active,6.61
M03533,South,Commercial,2025-07-11,52.68,39.45,16,Active,9.07
M03534,North,Commercial,2025-01-28,52.3,32.91,24,Active,8.58
M03535,East,Residential,2025-09-27,54.2,29.84,13,Active,7.17
M03536,Central,Commercial,2025-08-14,66.81,49.56,18,Active,8.16
M03537,West,Commercial,2025-03-18,57.09,23.3,19,Active,8.35
M03538,North,Residential,2025-08-11,24.15,8.04,22,Faulty,6.09
M03539,South,Commercial,2025-06-16,62.91,38.92,17,Active,8.66
M03540,Central,Residential,2025-10-11,41.46,16.13,15,Active,6.12
M03541,South,Residential,2025-07-11,76.46,55.86,18,Active,7.03
M03542,South,Residential,2025-03-30,32.37,24.08,23,Active,6.05
M03543,East,Residential,2025-02-01,27.33,19.49,16,Active,6.62
M03544,East,Residential,2025-05-17,25.49,18.41,13,Active,6.55
M03545,Central,Commercial,2025-06-05,85.93,47.93,15,Faulty,8.26
M03546,West,Commercial,2025-09-07,65.62,39.11,17,Active,8.76
M03547,Central,Commercial,2025-04-05,54.25,16.12,14,Active,8.5
M03548,West,Residential,2025-01-17,25.94,16.38,18,Active,6.26
M03549,South,Residential,2025-04-27,40.68,14.28,25,Active,7.07
M03550,North,Residential,2025-11-29,31.38,21.03,25,Active,6.86
M03551,Central,Residential,2025-11-07,54.41,39.76,12,Active,6.02
M03552,Central,Residential,2025-01-10,22.12,7.88,12,Active,6.65
M03553,West,Commercial,2025-03-21,55.19,15.95,16,Active,8.35
M03554,South,Industrial,2025-05-14,113.42,55.8,18,Active,10.69
M03555,South,Residential,2025-07-22,35.3,22.8,14,Active,6.94
M03556,West,Residential,2025-04-26,28.44,18.07,18,Active,6.8
M03557,South,Commercial,2025-08-08,53.92,32.27,14,Active,8.12
M03558,East,Residential,2025-09-10,27.63,18.25,19,Active,7.21
M03559,North,Commercial,2025-06-18,76.55,25.84,28,Faulty,8.19
M03560,Central,Commercial,2025-12-01,57.2,32.95,19,Faulty,8.59
M03561,North,Industrial,2025-11-12,111.54,61.66,17,Active,10.39
M03562,Central,Residential,2025-07-24,41.1,13.43,17,Active,6.64
M03563,East,Commercial,2025-10-25,49.0,22.4,12,Active,9.15
M03564,South,Residential,2025-09-05,25.29,17.1,13,Faulty,7.09
M03565,West,Commercial,2025-12-31,53.8,39.59,21,Active,8.18
M03566,East,Residential,2025-03-12,30.83,17.97,15,Active,6.8
M03567,North,Residential,2025-06-05,26.48,18.83,16,Active,6.07
M03568,West,Residential,2025-04-12,27.63,8.73,20,Faulty,6.94
M03569,South,Residential,2025-01-13,36.42,26.86,21,Active,6.96
M03570,East,Commercial,2025-09-28,52.73,14.07,25,Active,8.45
M03571,West,Commercial,2025-10-19,73.51,37.76,15,Active,9.02
M03572,East,Commercial,2025-08-08,74.36,29.41,23,Active,8.85
M03573,East,Residential,2025-01-15,34.67,22.78,14,Active,6.66
M03574,South,Commercial,2025-08-26,82.2,29.49,13,Active,8.59
M03575,Central,Residential,2025-04-27,28.41,7.27,18,Active,6.14
M03576,West,Industrial,2025-11-27,122.3,55.93,22,Active,10.19
M03577,South,Industrial,2025-02-25,97.17,27.41,23,Active,9.7
M03578,East,Residential,2025-12-17,40.12,15.85,18,Active,6.85
M03579,South,Commercial,2025-05-12,68.56,39.21,14,Active,8.77
M03580,Central,Residential,2025-08-14,44.53,17.69,21,Active,6.38
M03581,West,Residential,2025-11-04,43.89,16.37,16,Active,6.32
M03582,Central,Residential,2025-08-10,34.3,11.24,20,Active,6.62
M03583,North,Residential,2025-06-22,22.52,7.15,22,Active,6.67
M03584,West,Commercial,2025-12-06,94.99,48.72,14,Active,9.04
M03585,Central,Residential,2025-10-12,36.03,21.28,10,Active,6.4
M03586,East,Residential,2025-11-05,24.17,11.51,17,Faulty,6.52
M03587,West,Commercial,2025-06-06,65.65,20.47,15,Active,8.45
M03588,West,Commercial,2025-05-31,58.8,33.74,15,Active,8.51
M03589,South,Industrial,2025-07-04,102.86,54.37,17,Active,10.24
M03590,East,Commercial,2025-06-27,65.18,28.72,12,Active,8.72
M03591,North,Commercial,2025-01-21,48.7,20.21,22,Active,8.47
M03592,Central,Residential,2025-04-22,34.29,11.71,22,Active,6.78
M03593,South,Residential,2025-06-20,36.99,11.95,18,Active,6.8
M03594,Central,Residential,2025-05-18,24.04,10.08,18,Active,6.68
M03595,North,Residential,2025-08-21,38.03,10.3,23,Active,6.59
M03596,North,Commercial,2025-11-28,70.5,33.02,14,Active,8.1
M03597,West,Residential,2025-01-30,35.89,19.77,15,Active,6.7
M03598,North,Commercial,2025-11-03,57.63,41.54,14,Active,8.93
M03599,Central,Residential,2025-06-10,38.26,21.54,27,Active,6.28
M03600,East,Residential,2025-03-19,24.33,13.67,19,Active,7.01
M03601,East,Residential,2025-10-05,36.22,15.84,6,Active,6.76
M03602,West,Commercial,2025-11-16,89.86,28.45,19,Active,8.31
M03603,Central,Commercial,2025-01-21,47.99,22.72,19,Active,8.21
M03604,Central,Industrial,2025-12-29,103.83,57.04,13,Faulty,9.82
M03605,North,Residential,2025-05-23,35.84,21.93,21,Active,6.99
M03606,Central,Industrial,2025-02-05,103.92,68.9,17,Faulty,9.83
M03607,South,Residential,2025-10-30,32.97,12.46,22,Active,6.89
M03608,North,Residential,2025-08-02,45.05,16.7,20,Active,6.71
M03609,South,Industrial,2025-02-01,94.14,50.14,17,Faulty,10.21
M03610,West,Residential,2025-07-05,54.87,29.25,16,Active,7.11
M03611,East,Commercial,2025-06-23,45.86,16.46,23,Active,9.14
M03612,West,Residential,2025-02-23,36.59,19.9,13,Active,6.7
M03613,East,Commercial,2025-06-10,83.3,35.23,14,Active,8.08
M03614,West,Industrial,2025-09-07,110.34,62.86,11,Faulty,9.71
M03615,Central,Residential,2025-09-08,19.18,7.59,15,Active,7.23
M03616,South,Commercial,2025-10-06,72.94,39.84,29,Active,8.18
M03617,East,Residential,2025-06-20,52.13,33.06,23,Active,7.09
M03618,North,Commercial,2025-07-02,91.0,67.35,20,Active,8.7
M03619,South,Residential,2025-01-02,40.06,28.26,19,Active,6.15
M03620,North,Residential,2025-07-13,44.96,22.56,16,Active,7.2
M03621,South,Residential,2025-06-15,33.98,16.79,20,Active,7.21
M03622,South,Residential,2025-09-04,23.45,10.99,15,Active,6.8
M03623,West,Industrial,2025-09-01,94.4,24.91,21,Active,10.01
M03624,East,Residential,2025-04-20,42.43,14.13,14,Active,6.79
M03625,East,Residential,2025-11-19,28.89,8.08,13,Active,6.82
M03626,South,Residential,2025-03-12,25.01,14.96,15,Active,6.81
M03627,Central,Residential,2025-06-13,30.01,13.7,20,Faulty,6.95
M03628,Central,Commercial,2025-10-12,48.65,13.71,17,Active,8.09
M03629,North,Industrial,2025-04-23,156.96,93.44,18,Active,9.63
M03630,North,Residential,2025-08-16,31.65,18.11,12,Active,6.37
M03631,West,Industrial,2025-10-28,99.56,60.73,17,Active,9.95
M03632,South,Commercial,2025-01-16,57.37,31.55,22,Faulty,8.83
M03633,North,Residential,2025-01-31,33.09,10.95,23,Active,6.22
M03634,North,Commercial,2025-06-11,66.92,18.78,10,Faulty,8.7
M03635,South,Residential,2025-11-02,30.08,19.81,17,Active,6.24
M03636,West,Commercial,2025-07-12,81.45,29.15,27,Active,8.46
M03637,North,Industrial,2025-07-29,107.46,56.02,18,Active,10.72
M03638,West,Residential,2025-08-20,29.71,14.64,19,Active,7.16
M03639,East,Industrial,2025-07-03,107.47,76.36,21,Faulty,10.74
M03640,West,Commercial,2025-01-15,63.75,33.55,25,Active,8.77
M03641,Central,Residential,2025-11-01,23.32,12.59,20,Active,6.65
M03642,Central,Commercial,2025-07-28,51.48,21.09,20,Active,9.1
M03643,West,Residential,2025-06-21,32.66,23.82,21,Active,6.1
M03644,Central,Industrial,2025-09-23,91.59,50.94,15,Active,10.77
M03645,East,Commercial,2025-01-20,70.33,17.76,13,Active,8.6
M03646,South,Residential,2025-03-11,30.5,16.11,21,Active,6.88
M03647,Central,Residential,2025-01-08,35.2,15.2,17,Faulty,6.95
M03648,Central,Commercial,2025-02-03,76.56,20.37,22,Active,8.82
M03649,West,Residential,2025-08-12,27.27,12.7,17,Active,7.16
M03650,East,Residential,2025-06-28,42.19,26.87,14,Active,6.37
M03651,South,Residential,2025-09-03,28.92,14.51,13,Active,6.69
M03652,West,Residential,2025-09-17,44.23,25.2,21,Active,6.56
M03653,West,Residential,2025-04-18,49.59,28.26,23,Active,6.92
M03654,East,Residential,2025-08-30,29.71,17.4,17,Active,6.51
M03655,South,Residential,2025-01-24,28.18,12.51,20,Active,7.16
M03656,East,Commercial,2025-08-04,70.16,30.52,18,Faulty,8.64
M03657,South,Residential,2025-02-24,28.28,7.13,17,Active,6.7
M03658,East,Residential,2025-01-26,21.33,6.98,17,Active,6.64
M03659,West,Residential,2025-10-08,48.59,35.25,20,Active,6.81
M03660,West,Commercial,2025-10-19,55.58,37.31,21,Active,8.66
M03661,North,Residential,2025-11-23,44.71,17.33,18,Active,7.22
M03662,Central,Residential,2025-07-05,23.69,10.67,25,Active,6.17
M03663,East,Residential,2025-01-12,40.24,28.97,14,Active,6.02
M03664,North,Commercial,2025-05-09,70.19,26.34,12,Active,8.68
M03665,Central,Commercial,2025-07-27,62.73,32.39,27,Active,8.99
M03666,East,Commercial,2025-05-13,65.02,16.97,17,Active,8.84
M03667,South,Commercial,2025-12-05,54.53,30.53,18,Active,9.25
M03668,Central,Commercial,2025-07-15,87.42,62.51,14,Active,8.24
M03669,West,Residential,2025-09-19,42.32,29.3,17,Active,6.9
M03670,North,Commercial,2025-10-09,58.71,29.41,16,Active,9.06
M03671,Central,Residential,2025-04-13,49.85,28.65,14,Active,7.19
M03672,Central,Commercial,2025-04-30,53.2,28.46,22,Active,8.69
M03673,West,Commercial,2025-07-02,53.66,15.21,22,Faulty,8.47
M03674,East,Residential,2025-01-09,36.52,12.03,16,Active,7.24
M03675,South,Residential,2025-02-14,42.73,31.27,20,Active,7.03
M03676,West,Residential,2025-09-01,26.71,10.1,14,Active,6.61
M03677,South,Commercial,2025-09-27,54.62,24.15,24,Active,8.85
M03678,East,Commercial,2025-04-22,48.08,24.26,14,Active,8.36
M03679,Central,Industrial,2025-02-24,98.07,72.53,21,Faulty,10.3
M03680,South,Residential,2025-01-15,53.04,31.56,13,Active,6.7
M03681,North,Commercial,2025-02-06,48.98,27.66,15,Active,8.05
M03682,North,Commercial,2025-06-27,55.89,28.63,17,Active,9.13
M03683,West,Industrial,2025-05-07,102.98,61.82,20,Faulty,10.14
M03684,East,Residential,2025-04-27,27.18,15.82,18,Active,6.62
M03685,West,Residential,2025-12-06,30.16,21.15,21,Active,6.37
M03686,West,Commercial,2025-03-13,71.24,37.11,22,Active,8.26
M03687,West,Commercial,2025-12-18,60.88,28.05,27,Active,8.38
M03688,North,Industrial,2025-04-21,102.83,67.21,15,Active,10.34
M03689,North,Residential,2025-05-29,41.23,26.8,21,Active,6.13
M03690,West,Residential,2025-07-04,33.73,11.3,23,Active,6.43
M03691,North,Industrial,2025-04-15,117.91,43.44,16,Active,10.77
M03692,East,Residential,2025-05-27,26.67,19.45,16,Active,6.35
M03693,West,Commercial,2025-08-09,84.16,39.73,19,Active,9.26
M03694,North,Residential,2025-11-10,23.89,12.18,7,Active,6.14
M03695,South,Residential,2025-12-17,24.64,9.98,20,Active,7.03
M03696,West,Commercial,2025-01-06,60.14,29.5,18,Active,8.57
M03697,West,Commercial,2025-09-17,46.93,29.18,15,Active,8.25
M03698,East,Residential,2025-10-26,38.0,18.66,14,Active,7.02
M03699,Central,Residential,2025-12-15,25.5,10.39,11,Active,6.01
M03700,Central,Commercial,2025-02-11,57.42,17.11,18,Active,8.45
M03701,East,Residential,2025-09-16,25.87,18.47,19,Faulty,6.79
M03702,East,Industrial,2025-09-28,91.24,62.58,14,Active,9.8
M03703,East,Residential,2025-02-16,33.92,21.9,15,Active,6.43
M03704,Central,Commercial,2025-03-26,96.82,57.8,12,Active,8.12
M03705,East,Industrial,2025-06-23,101.65,51.61,20,Active,10.61
M03706,North,Commercial,2025-02-27,63.63,44.46,19,Active,8.55
M03707,West,Residential,2025-07-18,33.78,21.82,16,Faulty,6.19
M03708,West,Commercial,2025-07-28,66.65,43.86,18,Active,8.26
M03709,South,Residential,2025-09-05,19.03,7.7,14,Active,6.36
M03710,South,Residential,2025-07-30,37.48,17.31,17,Active,6.3
M03711,West,Industrial,2025-02-08,104.89,63.29,14,Active,10.15
M03712,North,Commercial,2025-09-09,62.49,27.22,24,Active,9.18
M03713,Central,Commercial,2025-05-11,50.1,24.9,10,Faulty,8.24
M03714,Central,Residential,2025-10-18,43.78,25.1,14,Faulty,6.59
M03715,North,Residential,2025-09-07,25.37,11.9,21,Active,6.86
M03716,Central,Residential,2025-02-21,30.63,19.8,22,Active,6.24
M03717,East,Commercial,2025-01-14,59.04,18.19,18,Active,8.2
M03718,West,Commercial,2025-06-05,64.38,39.21,20,Active,8.2
M03719,West,Residential,2025-01-30,31.91,10.29,20,Active,7.15
M03720,North,Commercial,2025-03-31,71.68,51.53,25,Active,8.92
M03721,Central,Residential,2025-06-16,25.56,10.4,17,Active,6.44
M03722,South,Residential,2025-12-17,62.12,40.24,16,Active,7.17
M03723,South,Residential,2025-03-10,61.05,31.18,14,Active,7.24
M03724,Central,Residential,2025-06-12,39.35,11.63,19,Active,6.52
M03725,South,Residential,2025-08-30,23.63,12.79,15,Active,6.66
M03726,North,Industrial,2025-02-21,95.63,67.52,18,Active,9.97
M03727,North,Residential,2025-05-22,50.42,16.57,23,Active,6.3
M03728,Central,Industrial,2025-03-04,97.11,39.88,15,Active,10.51
M03729,South,Residential,2025-10-19,59.41,27.9,21,Active,6.84
M03730,North,Industrial,2025-04-01,121.49,47.08,19,Active,9.98
M03731,North,Commercial,2025-06-01,52.1,37.61,22,Active,8.02
M03732,East,Industrial,2025-06-06,101.78,44.66,17,Active,10.49
M03733,East,Residential,2025-11-05,47.99,27.79,22,Active,6.62
M03734,North,Commercial,2025-12-31,63.17,22.86,14,Active,8.1
M03735,Central,Industrial,2025-05-30,99.7,35.88,17,Active,9.66
M03736,West,Residential,2025-11-24,40.41,13.66,16,Active,6.82
M03737,West,Residential,2025-09-28,47.72,22.3,23,Active,6.71
M03738,North,Residential,2025-03-10,21.24,10.97,16,Active,6.31
M03739,North,Industrial,2025-04-26,115.23,29.43,24,Active,9.68
M03740,North,Residential,2025-07-11,46.42,30.94,19,Active,7.15
M03741,Central,Residential,2025-01-04,20.23,10.24,14,Active,6.18
M03742,East,Residential,2025-03-16,31.03,10.2,20,Active,6.11
M03743,North,Residential,2025-10-25,29.99,8.51,16,Active,6.81
M03744,North,Commercial,2025-08-29,52.81,14.87,13,Active,8.33
M03745,South,Residential,2025-01-30,44.98,17.04,20,Active,6.85
M03746,Central,Commercial,2025-05-23,50.57,25.27,18,Faulty,8.64
M03747,North,Industrial,2025-11-22,98.8,67.2,14,Active,9.77
M03748,South,Residential,2025-07-02,49.66,34.84,22,Active,6.09
M03749,West,Commercial,2025-01-16,59.83,39.86,14,Active,8.09
M03750,North,Residential,2025-04-21,35.75,14.81,16,Active,6.76
M03751,North,Commercial,2025-12-26,49.33,19.89,17,Active,8.99
M03752,South,Residential,2025-07-20,23.19,17.25,21,Active,6.9
M03753,Central,Commercial,2025-04-17,63.39,37.44,16,Active,8.77
M03754,North,Residential,2025-06-11,24.97,10.05,21,Active,6.27
M03755,West,Residential,2025-10-10,64.56,26.76,16,Active,7.12
M03756,North,Commercial,2025-09-26,56.28,26.3,19,Active,8.82
M03757,West,Residential,2025-06-04,30.76,17.25,10,Active,6.9
M03758,East,Commercial,2025-03-14,65.04,45.46,12,Active,8.29
M03759,East,Residential,2025-07-16,32.01,11.18,14,Active,6.34
M03760,West,Commercial,2025-08-31,76.31,22.3,15,Active,9.18
M03761,Central,Residential,2025-03-27,41.68,18.88,15,Active,6.62
M03762,North,Commercial,2025-10-14,77.49,28.88,15,Active,8.72
M03763,North,Residential,2025-09-16,39.39,21.19,18,Active,6.14
M03764,East,Residential,2025-10-13,42.07,25.23,17,Active,6.51
M03765,West,Residential,2025-05-29,28.06,11.37,14,Active,7.15
M03766,North,Commercial,2025-12-21,61.71,36.58,19,Faulty,9.17
M03767,North,Residential,2025-07-09,44.26,18.66,19,Faulty,6.95
M03768,Central,Industrial,2025-08-05,108.21,61.41,26,Active,10.21
M03769,South,Industrial,2025-12-21,101.06,57.25,15,Active,10.71
M03770,East,Residential,2025-03-27,41.62,16.19,13,Active,7.13
M03771,East,Commercial,2025-08-04,52.62,29.88,22,Active,9.1
M03772,South,Residential,2025-11-16,31.87,14.04,24,Active,7.15
M03773,North,Residential,2025-04-28,45.75,19.13,19,Faulty,6.59
M03774,Central,Commercial,2025-03-28,97.4,38.44,24,Active,8.68
M03775,Central,Commercial,2025-02-09,47.98,20.29,17,Active,8.55
M03776,East,Commercial,2025-06-10,72.06,46.36,17,Active,8.96
M03777,Central,Residential,2025-07-10,45.72,17.03,22,Active,6.77
M03778,South,Residential,2025-01-25,27.51,16.26,26,Active,6.09
M03779,North,Residential,2025-06-01,25.48,17.84,25,Active,6.18
M03780,South,Commercial,2025-04-05,51.56,21.92,20,Active,8.25
M03781,West,Residential,2025-02-15,48.73,12.9,16,Active,6.87
M03782,East,Commercial,2025-05-18,53.52,14.04,21,Active,8.14
M03783,Central,Residential,2025-10-15,21.67,6.93,20,Active,6.7
M03784,West,Residential,2025-12-19,37.85,11.55,17,Active,7.09
M03785,Central,Residential,2025-06-13,31.88,19.89,23,Active,7.23
M03786,North,Residential,2025-01-16,30.49,12.12,20,Active,6.56
M03787,North,Residential,2025-01-18,19.86,11.44,22,Active,6.69
M03788,North,Commercial,2025-05-16,57.85,15.69,21,Active,9.08
M03789,Central,Industrial,2025-09-04,106.74,42.47,13,Active,10.72
M03790,West,Residential,2025-09-05,33.35,12.24,15,Active,6.51
M03791,North,Residential,2025-11-27,22.33,8.67,12,Faulty,6.46
M03792,West,Residential,2025-07-17,32.9,11.36,22,Active,6.59
M03793,Central,Industrial,2025-01-01,98.85,55.25,20,Active,9.83
M03794,West,Residential,2025-07-09,52.17,30.33,16,Active,7.12
M03795,Central,Industrial,2025-10-21,101.85,33.02,22,Active,9.91
M03796,Central,Residential,2025-02-14,27.83,17.27,17,Active,6.58
M03797,East,Residential,2025-12-03,27.07,10.15,16,Active,6.42
M03798,Central,Industrial,2025-02-01,99.82,39.08,22,Active,9.65
M03799,Central,Residential,2025-04-28,22.8,15.15,12,Active,6.79
M03800,South,Commercial,2025-10-23,59.64,41.78,22,Active,8.76
M03801,North,Residential,2025-07-03,23.5,15.57,21,Active,6.38
M03802,East,Residential,2025-07-10,26.92,8.72,10,Active,6.04
M03803,East,Residential,2025-08-23,40.15,30.1,15,Active,7.22
M03804,East,Commercial,2025-08-26,68.9,40.38,16,Active,8.46
M03805,South,Commercial,2025-08-04,58.44,29.53,11,Faulty,8.7
M03806,Central,Residential,2025-03-15,47.07,34.24,23,Active,6.19
M03807,North,Industrial,2025-04-21,105.09,69.22,17,Active,9.83
M03808,West,Residential,2025-04-13,50.93,30.35,14,Active,6.57
M03809,Central,Residential,2025-12-25,33.69,22.55,13,Active,6.73
M03810,South,Residential,2025-03-15,25.11,11.12,14,Active,7.11
M03811,Central,Residential,2025-09-09,67.27,39.84,19,Active,6.38
M03812,Central,Residential,2025-04-24,26.13,9.02,11,Active,7.13
M03813,South,Industrial,2025-11-09,117.17,87.17,16,Active,10.1
M03814,East,Residential,2025-11-26,42.35,23.06,18,Active,6.56
M03815,East,Residential,2025-12-05,35.0,23.0,17,Active,6.52
M03816,North,Residential,2025-08-26,26.84,12.18,17,Faulty,7.15
M03817,North,Commercial,2025-06-22,60.99,38.38,17,Active,8.33
M03818,East,Industrial,2025-03-20,102.57,45.51,22,Active,10.61
M03819,West,Residential,2025-04-03,24.69,13.46,21,Active,6.12
M03820,Central,Residential,2025-02-19,31.9,20.39,21,Active,7.24
M03821,West,Residential,2025-10-12,27.96,8.62,19,Active,6.65
M03822,Central,Residential,2025-08-11,33.56,14.38,26,Active,7.3
M03823,East,Residential,2025-03-22,24.93,13.03,21,Active,6.79
M03824,North,Residential,2025-09-23,30.94,12.9,13,Active,6.15
M03825,North,Residential,2025-06-04,39.94,16.16,18,Active,6.08
M03826,West,Residential,2025-08-21,32.36,12.65,17,Active,6.25
M03827,North,Residential,2025-11-12,39.92,14.53,8,Active,6.55
M03828,East,Industrial,2025-08-24,114.76,77.4,23,Active,10.47
M03829,West,Industrial,2025-06-08,99.3,70.69,14,Active,9.5
M03830,Central,Commercial,2025-11-12,51.02,30.62,15,Active,8.33
M03831,North,Residential,2025-09-08,36.25,9.61,9,Active,6.76
M03832,South,Residential,2025-11-10,23.77,15.29,16,Active,6.39
M03833,North,Residential,2025-10-28,25.14,12.97,20,Faulty,6.46
M03834,Central,Commercial,2025-10-09,60.65,38.15,14,Active,8.39
M03835,West,Residential,2025-04-12,33.79,15.84,26,Active,7.24
M03836,Central,Industrial,2025-02-20,98.73,26.72,18,Active,9.59
M03837,South,Industrial,2025-02-21,99.86,59.0,18,Active,10.68
M03838,East,Residential,2025-07-28,30.86,14.57,17,Active,6.42
M03839,North,Commercial,2025-11-03,83.28,57.22,18,Faulty,8.32
M03840,West,Residential,2025-05-11,23.75,14.7,25,Active,7.15
M03841,East,Residential,2025-09-27,26.55,11.41,14,Active,6.37
M03842,Central,Residential,2025-07-24,29.59,18.11,17,Active,7.28
M03843,West,Residential,2025-08-07,43.28,21.54,16,Active,6.71
M03844,East,Industrial,2025-09-14,105.52,36.9,13,Active,10.12
M03845,West,Residential,2025-07-04,43.1,19.82,19,Active,7.27
M03846,South,Residential,2025-05-25,41.5,14.99,19,Active,6.29
M03847,South,Commercial,2025-06-27,102.2,25.8,20,Active,9.18
M03848,North,Commercial,2025-01-14,57.66,21.53,17,Active,8.77
M03849,North,Residential,2025-09-03,38.01,13.48,12,Active,6.98
M03850,South,Industrial,2025-07-06,99.31,25.04,10,Active,10.26
M03851,West,Commercial,2025-12-03,74.89,48.08,14,Active,8.8
M03852,South,Residential,2025-09-16,47.67,13.75,15,Active,6.2
M03853,North,Residential,2025-12-20,28.53,13.54,21,Active,6.2
M03854,South,Residential,2025-02-09,31.37,14.4,19,Faulty,6.52
M03855,South,Commercial,2025-03-30,68.26,23.26,24,Active,8.45
M03856,West,Commercial,2025-05-05,68.7,50.39,18,Active,8.93
M03857,East,Commercial,2025-12-17,50.88,28.08,18,Active,8.94
M03858,North,Residential,2025-01-09,22.94,15.07,19,Active,6.73
M03859,West,Residential,2025-12-16,40.57,20.21,21,Active,6.52
M03860,South,Residential,2025-03-25,82.13,50.21,10,Active,6.88
M03861,South,Residential,2025-01-21,24.47,17.98,18,Active,6.89
M03862,East,Commercial,2025-10-08,73.37,31.12,20,Active,9.05
M03863,North,Commercial,2025-12-24,64.34,32.31,12,Active,9.06
M03864,North,Residential,2025-06-21,27.76,14.08,18,Active,6.09
M03865,Central,Residential,2025-01-25,34.28,25.57,15,Active,6.49
M03866,North,Residential,2025-04-13,29.6,10.85,13,Active,6.55
M03867,East,Residential,2025-07-09,32.63,19.18,23,Active,7.1
M03868,Central,Residential,2025-08-24,44.67,14.25,17,Active,6.65
M03869,Central,Residential,2025-11-09,41.07,29.3,17,Active,6.64
M03870,South,Residential,2025-02-06,42.09,22.95,9,Active,6.72
M03871,South,Residential,2025-09-29,31.79,21.61,20,Active,6.17
M03872,North,Residential,2025-10-20,36.66,25.57,21,Active,6.73
M03873,Central,Residential,2025-11-28,68.69,36.31,23,Active,6.72
M03874,South,Commercial,2025-06-01,55.1,32.56,21,Active,8.98
M03875,East,Residential,2025-10-09,34.34,20.58,14,Active,6.82
M03876,South,Industrial,2025-01-20,110.47,53.05,20,Active,10.74
M03877,South,Residential,2025-05-17,23.24,10.86,12,Active,6.1
M03878,Central,Residential,2025-12-25,34.9,11.97,26,Active,7.0
M03879,Central,Residential,2025-01-29,41.39,18.29,18,Active,6.98
M03880,West,Residential,2025-01-31,27.01,20.13,22,Active,6.35
M03881,East,Commercial,2025-01-19,72.28,27.82,20,Active,8.91
M03882,Central,Residential,2025-05-28,31.8,20.07,13,Active,6.86
M03883,North,Industrial,2025-10-10,105.78,29.58,18,Active,9.89
M03884,East,Industrial,2025-12-16,99.86,48.31,18,Active,10.44
M03885,East,Residential,2025-12-07,43.88,12.25,28,Active,7.21
M03886,Central,Residential,2025-10-27,25.52,12.45,17,Active,6.4
M03887,East,Commercial,2025-06-12,56.97,15.03,19,Active,9.27
M03888,Central,Residential,2025-04-23,29.75,16.56,23,Active,6.29
M03889,South,Commercial,2025-05-30,63.76,34.64,19,Active,8.18
M03890,West,Residential,2025-11-26,75.27,48.84,28,Active,6.1
M03891,South,Residential,2025-09-12,28.76,15.58,17,Faulty,6.28
M03892,Central,Residential,2025-03-28,26.79,19.1,27,Active,6.45
M03893,Central,Residential,2025-12-16,38.47,24.68,24,Active,6.95
M03894,South,Industrial,2025-04-08,102.49,32.42,18,Active,9.59
M03895,North,Residential,2025-05-12,26.49,10.14,22,Active,6.66
M03896,North,Commercial,2025-11-08,55.26,14.54,18,Active,8.67
M03897,North,Residential,2025-04-07,38.06,16.86,17,Active,6.3
M03898,Central,Residential,2025-04-08,54.74,27.63,15,Active,6.06
M03899,East,Residential,2025-10-17,40.04,28.95,16,Active,6.29
M03900,Central,Residential,2025-12-22,21.13,10.8,15,Active,6.3
M03901,East,Residential,2025-08-15,31.44,20.14,17,Faulty,6.89
M03902,South,Residential,2025-05-25,25.62,9.84,23,Active,6.3
M03903,West,Commercial,2025-06-05,71.58,23.38,14,Active,8.44
M03904,East,Residential,2025-09-27,33.47,21.94,15,Active,6.06
M03905,North,Residential,2025-06-11,27.06,10.11,16,Active,6.81
M03906,Central,Commercial,2025-04-22,63.1,43.27,19,Active,8.62
M03907,South,Commercial,2025-11-27,61.21,20.5,21,Faulty,8.45
M03908,North,Residential,2025-07-04,23.97,16.2,18,Faulty,6.91
M03909,South,Residential,2025-07-24,25.82,16.43,19,Active,6.89
M03910,West,Industrial,2025-04-07,115.55,64.2,22,Active,9.93
M03911,Central,Commercial,2025-02-24,72.4,48.88,13,Active,8.92
M03912,Central,Residential,2025-04-27,41.68,17.31,20,Active,6.45
M03913,West,Residential,2025-04-03,25.68,8.55,20,Active,6.29
M03914,Central,Commercial,2025-10-20,53.23,17.49,14,Active,8.94
M03915,East,Residential,2025-07-23,31.56,12.16,23,Active,6.95
M03916,South,Industrial,2025-10-09,108.06,51.12,19,Active,10.63
M03917,North,Residential,2025-07-08,46.71,32.14,17,Active,6.65
M03918,West,Commercial,2025-11-19,69.95,20.62,20,Active,8.3
M03919,East,Residential,2025-03-25,34.95,24.73,25,Active,7.09
M03920,North,Residential,2025-06-29,43.57,31.05,17,Active,6.23
M03921,North,Industrial,2025-10-01,103.22,63.34,20,Faulty,10.72
M03922,West,Residential,2025-06-30,45.19,31.64,18,Active,6.4
M03923,East,Residential,2025-06-30,34.92,22.17,21,Active,6.02
M03924,North,Residential,2025-10-10,27.03,13.9,15,Active,6.24
M03925,North,Residential,2025-10-14,22.84,12.57,17,Active,6.54
M03926,East,Residential,2025-04-16,43.75,24.68,17,Active,6.07
M03927,Central,Commercial,2025-05-09,46.26,14.5,16,Active,8.53
M03928,North,Residential,2025-09-19,37.47,12.98,21,Active,6.26
M03929,South,Residential,2025-01-11,26.77,13.7,16,Active,6.02
M03930,East,Residential,2025-06-11,26.03,8.01,22,Active,6.39
M03931,North,Commercial,2025-06-30,60.08,44.01,21,Active,8.29
M03932,West,Commercial,2025-08-01,59.87,30.15,17,Faulty,8.55
M03933,South,Residential,2025-10-01,47.0,20.68,28,Active,6.99
M03934,North,Residential,2025-01-21,36.68,12.06,13,Active,6.66
M03935,South,Industrial,2025-10-02,101.93,46.71,19,Active,10.5
M03936,South,Residential,2025-09-17,51.0,20.46,18,Faulty,6.44
M03937,Central,Industrial,2025-11-29,97.95,28.79,17,Active,9.52
M03938,South,Industrial,2025-04-26,94.17,69.07,11,Active,10.7
M03939,Central,Commercial,2025-01-25,60.95,23.31,26,Active,8.41
M03940,East,Residential,2025-11-29,27.58,16.42,20,Active,6.68
M03941,Central,Commercial,2025-09-11,62.0,18.33,16,Active,8.61
M03942,West,Commercial,2025-07-30,50.83,35.92,13,Faulty,8.76
M03943,North,Commercial,2025-11-01,55.47,30.25,16,Active,9.15
M03944,East,Residential,2025-11-17,40.86,23.63,14,Active,7.13
M03945,East,Residential,2025-12-05,44.88,28.76,17,Faulty,7.28
M03946,West,Residential,2025-09-14,48.66,26.91,16,Active,6.69
M03947,Central,Residential,2025-06-17,25.1,7.16,18,Active,7.2
M03948,North,Commercial,2025-12-03,70.05,32.56,19,Active,8.63
M03949,Central,Residential,2025-01-21,32.36,12.33,16,Active,6.06
M03950,South,Residential,2025-03-27,29.9,14.75,19,Active,6.19
M03951,Central,Residential,2025-01-15,39.05,17.66,16,Active,6.43
M03952,East,Commercial,2025-02-19,71.37,47.34,23,Active,8.94
M03953,North,Industrial,2025-10-31,95.58,35.7,20,Active,9.61
M03954,Central,Residential,2025-11-01,31.8,11.15,20,Active,6.47
M03955,North,Residential,2025-07-15,26.5,19.32,23,Active,7.28
M03956,North,Residential,2025-12-30,40.46,29.32,24,Faulty,7.02
M03957,South,Commercial,2025-10-28,61.9,46.22,21,Active,8.74
M03958,South,Commercial,2025-10-15,66.36,35.45,12,Active,8.08
M03959,East,Industrial,2025-09-02,110.04,33.74,18,Active,9.52
M03960,West,Residential,2025-12-19,27.61,19.05,15,Active,6.14
M03961,North,Industrial,2025-07-20,94.12,30.36,13,Active,9.93
M03962,West,Residential,2025-07-12,35.58,11.66,15,Active,6.79
M03963,East,Commercial,2025-12-02,63.68,22.08,21,Active,8.26
M03964,North,Residential,2025-05-26,35.86,20.68,18,Active,6.07
M03965,North,Industrial,2025-11-06,126.67,38.46,19,Active,9.62
M03966,West,Residential,2025-05-07,42.86,27.39,15,Active,6.55
M03967,Central,Commercial,2025-06-24,62.02,17.31,20,Active,9.01
M03968,South,Commercial,2025-05-14,60.28,18.4,15,Active,9.07
M03969,Central,Residential,2025-03-07,50.94,23.8,23,Active,6.38
M03970,West,Residential,2025-12-31,36.97,16.25,21,Active,6.86
M03971,South,Industrial,2025-10-06,101.68,75.74,16,Active,10.01
M03972,Central,Residential,2025-09-03,42.85,31.43,29,Active,7.26
M03973,South,Residential,2025-12-29,26.11,9.0,16,Active,6.53
M03974,North,Residential,2025-08-25,22.33,16.15,18,Active,6.51
M03975,Central,Commercial,2025-06-20,64.27,38.31,18,Active,8.65
M03976,South,Residential,2025-02-20,30.5,13.86,24,Active,6.03
M03977,South,Residential,2025-11-24,26.43,16.38,19,Active,6.54
M03978,South,Residential,2025-12-25,24.48,17.14,18,Active,7.08
M03979,Central,Residential,2025-06-02,24.54,8.35,9,Faulty,6.8
M03980,East,Industrial,2025-03-21,111.51,38.8,10,Active,10.76
M03981,Central,Industrial,2025-05-25,94.45,42.91,17,Active,9.92
M03982,West,Commercial,2025-10-01,68.53,22.93,20,Active,8.21
M03983,Central,Residential,2025-06-04,31.61,13.6,15,Active,6.98
M03984,South,Industrial,2025-12-03,96.88,55.5,17,Active,9.56
M03985,North,Residential,2025-12-29,58.53,38.42,27,Active,6.21
M03986,Central,Residential,2025-11-21,28.56,11.45,22,Faulty,6.66
M03987,Central,Industrial,2025-12-02,103.34,40.39,23,Active,10.48
M03988,South,Commercial,2025-05-23,76.54,48.98,22,Active,8.78
M03989,North,Commercial,2025-10-25,54.5,24.01,17,Active,9.29
M03990,North,Commercial,2025-02-03,66.53,43.86,16,Active,8.85
M03991,West,Residential,2025-10-31,63.32,47.28,10,Faulty,6.94
M03992,Central,Residential,2025-08-27,45.35,33.55,17,Active,7.29
M03993,North,Commercial,2025-05-18,46.34,26.94,19,Active,8.77
M03994,North,Residential,2025-09-11,52.09,22.79,21,Active,6.93
M03995,East,Residential,2025-01-05,24.41,6.9,28,Active,6.39
M03996,East,Commercial,2025-06-25,80.62,49.91,15,Active,8.7
M03997,North,Commercial,2025-08-02,61.52,45.46,26,Active,9.19
M03998,West,Residential,2025-12-30,35.75,10.15,17,Active,7.11
M03999,North,Commercial,2025-01-23,75.32,19.06,26,Faulty,8.4
M04000,South,Commercial,2025-11-14,60.71,40.43,13,Faulty,8.46
M04001,Central,Commercial,2025-01-13,51.77,15.59,18,Active,9.1
M04002,West,Residential,2025-08-29,26.75,7.78,18,Active,6.37
M04003,South,Residential,2025-10-03,23.28,16.42,17,Active,7.15
M04004,West,Residential,2025-04-02,33.77,9.79,16,Active,7.01
M04005,South,Residential,2025-04-18,26.76,8.22,16,Active,6.2
M04006,Central,Residential,2025-08-17,29.39,15.72,21,Active,6.94
M04007,Central,Residential,2025-06-01,37.36,23.48,16,Active,7.08
M04008,East,Residential,2025-04-18,51.51,23.17,21,Active,6.19
M04009,South,Industrial,2025-10-16,128.45,59.12,19,Active,10.09
M04010,East,Residential,2025-06-25,52.1,29.5,20,Faulty,7.12
M04011,South,Commercial,2025-11-16,50.42,25.35,18,Active,8.26
M04012,East,Commercial,2025-10-13,65.6,17.01,14,Faulty,8.58
M04013,Central,Residential,2025-12-30,32.28,9.9,20,Active,6.8
M04014,West,Industrial,2025-11-25,106.71,57.71,25,Active,9.63
M04015,East,Commercial,2025-12-31,81.08,52.45,20,Active,8.28
M04016,South,Residential,2025-08-29,59.92,37.84,16,Active,6.61
M04017,South,Commercial,2025-05-25,77.95,48.33,15,Active,8.49
M04018,Central,Residential,2025-12-22,63.02,40.06,17,Active,6.42
M04019,South,Commercial,2025-01-14,50.94,13.87,20,Active,8.03
M04020,North,Residential,2025-10-02,40.74,28.42,14,Active,7.21
M04021,West,Commercial,2025-03-12,63.15,43.87,15,Active,9.13
M04022,East,Residential,2025-11-11,28.67,14.79,13,Active,6.51
M04023,West,Commercial,2025-07-14,64.7,24.22,14,Active,8.24
M04024,Central,Residential,2025-12-19,29.28,15.99,21,Faulty,6.09
M04025,East,Commercial,2025-10-27,69.08,36.54,16,Active,8.16
M04026,East,Commercial,2025-01-11,51.81,18.73,19,Active,8.78
M04027,North,Residential,2025-04-16,29.34,16.18,21,Faulty,6.95
M04028,Central,Commercial,2025-09-15,57.44,37.26,16,Faulty,8.2
M04029,South,Residential,2025-07-15,27.9,18.22,18,Active,6.15
M04030,North,Industrial,2025-05-25,115.32,32.27,16,Active,10.4
M04031,North,Residential,2025-08-08,33.95,11.83,19,Active,6.67
M04032,West,Commercial,2025-12-16,47.46,27.72,24,Faulty,8.48
M04033,West,Commercial,2025-06-23,63.97,43.49,17,Faulty,8.94
M04034,West,Residential,2025-08-04,27.56,14.07,21,Active,6.59
M04035,North,Residential,2025-04-03,28.11,16.97,13,Active,6.6
M04036,South,Residential,2025-09-17,47.35,12.34,26,Active,6.02
M04037,East,Commercial,2025-03-04,54.31,30.1,16,Active,8.41
M04038,West,Residential,2025-01-29,52.83,38.62,15,Active,6.01
M04039,South,Residential,2025-10-02,29.44,17.09,15,Active,7.2
M04040,Central,Commercial,2025-12-13,51.82,36.85,9,Active,8.38
M04041,West,Residential,2025-10-12,26.15,13.94,18,Active,6.23
M04042,East,Commercial,2025-03-11,68.82,46.23,22,Active,8.12
M04043,Central,Residential,2025-10-06,26.69,8.33,16,Active,6.06
M04044,Central,Residential,2025-08-19,56.99,17.77,16,Active,7.15
M04045,East,Commercial,2025-10-29,65.35,20.26,16,Active,8.22
M04046,West,Residential,2025-09-12,32.59,16.11,22,Active,6.8
M04047,North,Residential,2025-06-21,35.78,14.85,16,Active,6.85
M04048,East,Industrial,2025-06-29,106.35,64.83,18,Active,9.91
M04049,East,Residential,2025-09-21,65.91,46.22,12,Active,7.08
M04050,East,Industrial,2025-07-02,100.63,56.32,19,Active,9.78
M04051,Central,Industrial,2025-11-18,117.73,41.98,19,Active,9.59
M04052,South,Residential,2025-07-24,26.57,19.01,20,Active,6.09
M04053,North,Residential,2025-09-06,46.53,23.91,20,Active,6.39
M04054,West,Commercial,2025-08-01,48.71,29.71,17,Active,8.6
M04055,West,Residential,2025-06-08,39.64,27.56,15,Active,6.82
M04056,South,Residential,2025-04-10,59.87,44.6,19,Active,6.95
M04057,East,Commercial,2025-11-13,56.46,28.4,27,Active,8.23
M04058,North,Residential,2025-04-22,32.14,21.02,24,Active,6.89
M04059,West,Industrial,2025-11-04,102.14,54.48,13,Active,9.74
M04060,West,Residential,2025-06-15,47.99,23.67,18,Active,7.3
M04061,East,Residential,2025-02-05,25.26,13.11,14,Active,7.25
M04062,South,Residential,2025-04-22,47.21,23.23,14,Active,6.13
M04063,North,Industrial,2025-03-28,92.43,42.57,16,Active,10.35
M04064,South,Commercial,2025-07-02,72.98,44.65,17,Active,9.17
M04065,South,Commercial,2025-03-26,52.94,19.84,13,Active,8.1
M04066,North,Residential,2025-09-26,24.01,13.4,14,Active,6.16
M04067,North,Residential,2025-06-14,33.39,20.25,21,Faulty,6.45
M04068,West,Residential,2025-10-30,66.01,45.95,16,Faulty,6.12
M04069,West,Residential,2025-03-31,22.72,9.45,15,Active,7.15
M04070,North,Commercial,2025-08-26,81.33,55.33,15,Active,9.14
M04071,Central,Commercial,2025-01-22,57.19,41.33,25,Active,9.23
M04072,West,Residential,2025-06-16,33.78,19.4,24,Active,6.27
M04073,Central,Industrial,2025-08-03,99.22,63.08,19,Active,9.56
M04074,North,Residential,2025-02-27,42.85,19.4,20,Faulty,6.58
M04075,West,Industrial,2025-01-30,94.03,68.27,17,Active,10.64
M04076,South,Residential,2025-04-16,28.8,16.86,18,Active,6.83
M04077,North,Residential,2025-11-26,33.61,13.61,16,Active,7.3
M04078,East,Residential,2025-06-16,44.73,20.22,20,Active,7.18
M04079,Central,Residential,2025-12-16,31.06,17.36,6,Active,6.51
M04080,North,Commercial,2025-06-03,61.54,22.59,15,Active,8.05
M04081,North,Residential,2025-11-23,22.95,14.39,12,Active,6.01
M04082,West,Residential,2025-01-07,31.72,11.49,25,Active,6.84
M04083,West,Commercial,2025-07-16,89.08,48.63,19,Active,9.19
M04084,West,Commercial,2025-11-17,78.67,47.08,15,Active,8.58
M04085,East,Commercial,2025-02-15,66.29,45.07,19,Active,9.14
M04086,West,Residential,2025-01-18,41.22,25.43,17,Active,6.74
M04087,North,Commercial,2025-06-02,79.43,51.58,17,Active,8.13
M04088,West,Commercial,2025-09-21,52.09,36.8,23,Active,9.04
M04089,South,Residential,2025-03-15,23.77,13.05,20,Active,6.64
M04090,West,Residential,2025-05-25,60.75,40.89,18,Active,6.07
M04091,East,Residential,2025-04-12,29.62,10.84,25,Active,7.06
M04092,South,Residential,2025-12-01,32.76,21.54,13,Active,6.98
M04093,North,Residential,2025-12-01,37.94,13.69,19,Active,6.59
M04094,North,Residential,2025-05-01,39.16,28.09,16,Active,6.03
M04095,Central,Commercial,2025-06-25,54.74,22.72,13,Active,8.45
M04096,South,Commercial,2025-03-04,48.57,16.32,22,Faulty,8.57
M04097,Central,Industrial,2025-10-23,103.75,33.62,21,Active,9.71
M04098,South,Commercial,2025-03-25,57.36,19.71,26,Active,8.21
M04099,South,Residential,2025-01-15,35.29,16.72,16,Active,6.22
M04100,East,Industrial,2025-12-21,99.79,51.0,15,Faulty,9.98
M04101,Central,Industrial,2025-05-14,98.91,69.92,15,Faulty,10.56
M04102,East,Residential,2025-05-01,27.36,12.05,21,Active,6.99
M04103,South,Commercial,2025-11-15,68.01,24.4,15,Active,8.01
M04104,North,Industrial,2025-05-08,113.34,70.49,18,Active,9.51
M04105,South,Residential,2025-10-15,34.62,10.99,20,Active,6.1
M04106,East,Industrial,2025-10-28,104.05,72.43,15,Faulty,10.11
M04107,Central,Residential,2025-06-29,41.82,19.02,9,Active,7.16
M04108,Central,Residential,2025-03-23,29.06,16.18,25,Active,6.24
M04109,East,Residential,2025-01-13,57.87,19.85,15,Faulty,6.62
M04110,Central,Commercial,2025-01-24,50.0,16.14,24,Active,8.05
M04111,West,Commercial,2025-06-17,70.85,46.01,13,Active,8.03
M04112,North,Industrial,2025-09-27,107.38,49.92,16,Active,9.51
M04113,North,Residential,2025-03-11,25.19,18.73,14,Active,6.96
M04114,North,Residential,2025-11-14,20.39,10.44,12,Active,6.03
M04115,Central,Commercial,2025-03-30,71.66,48.21,19,Active,8.36
M04116,Central,Commercial,2025-07-08,51.09,37.81,17,Active,8.84
M04117,South,Residential,2025-09-14,50.11,19.57,12,Active,6.8
M04118,South,Residential,2025-08-05,26.4,17.17,28,Active,6.07
M04119,North,Commercial,2025-02-01,61.34,16.01,15,Active,8.33
M04120,West,Commercial,2025-05-21,59.73,35.23,11,Active,8.83
M04121,South,Residential,2025-06-10,32.91,20.49,12,Active,6.51
M04122,South,Residential,2025-02-01,28.45,13.9,15,Active,6.61
M04123,Central,Industrial,2025-11-08,107.49,35.58,13,Active,9.77
M04124,West,Commercial,2025-06-01,58.96,32.92,16,Active,8.05
M04125,North,Residential,2025-12-13,27.88,19.48,17,Active,6.45
M04126,South,Residential,2025-09-17,33.1,23.69,13,Active,6.89
M04127,West,Commercial,2025-08-04,78.41,48.85,18,Active,9.0
M04128,West,Residential,2025-10-06,26.63,10.17,16,Active,6.77
M04129,North,Residential,2025-10-12,33.17,22.73,21,Active,6.51
M04130,West,Residential,2025-04-08,50.79,35.27,21,Active,6.76
M04131,West,Residential,2025-01-30,40.8,17.69,16,Active,6.92
M04132,West,Commercial,2025-03-31,59.15,20.2,19,Active,8.98
M04133,South,Residential,2025-05-28,36.65,25.19,19,Active,6.12
M04134,North,Commercial,2025-05-24,48.5,33.59,26,Active,9.04
M04135,West,Residential,2025-03-08,29.31,8.81,24,Active,6.08
M04136,West,Residential,2025-12-23,21.55,15.81,20,Active,7.13
M04137,South,Residential,2025-02-27,23.99,12.39,12,Active,6.51
M04138,North,Industrial,2025-10-08,105.27,78.62,14,Active,10.21
M04139,Central,Industrial,2025-10-06,103.2,48.76,17,Active,9.88
M04140,South,Residential,2025-08-24,34.19,17.66,19,Faulty,6.55
M04141,North,Commercial,2025-12-19,54.68,20.94,14,Active,9.1
M04142,West,Commercial,2025-05-08,55.3,38.68,16,Faulty,8.38
M04143,North,Industrial,2025-12-03,115.91,54.69,26,Active,10.23
M04144,North,Residential,2025-07-28,32.43,21.32,19,Active,6.84
M04145,North,Commercial,2025-07-05,105.03,30.44,21,Active,8.19
M04146,Central,Residential,2025-06-18,31.86,20.52,27,Active,7.01
M04147,North,Residential,2025-06-21,26.42,13.08,19,Active,7.3
M04148,Central,Industrial,2025-09-17,97.14,24.55,18,Active,9.7
M04149,West,Residential,2025-07-24,41.44,15.05,18,Active,7.0
M04150,Central,Residential,2025-05-15,30.85,10.7,21,Active,6.19
M04151,West,Residential,2025-02-15,62.08,38.85,19,Active,7.24
M04152,West,Commercial,2025-01-09,52.33,25.57,16,Active,8.53
M04153,Central,Commercial,2025-06-10,73.88,24.37,10,Active,9.27
M04154,South,Residential,2025-10-16,55.08,20.84,16,Active,6.09
M04155,East,Industrial,2025-12-06,112.43,56.44,20,Active,10.53
M04156,North,Residential,2025-11-17,28.66,7.45,21,Active,6.62
M04157,East,Residential,2025-04-16,36.47,16.85,18,Active,6.38
M04158,North,Industrial,2025-10-17,96.55,56.87,22,Active,10.47
M04159,North,Residential,2025-12-07,37.16,18.91,23,Faulty,6.83
M04160,West,Residential,2025-03-29,23.47,12.89,20,Active,7.17
M04161,North,Residential,2025-07-11,64.24,26.55,19,Active,6.32
M04162,North,Commercial,2025-06-02,115.51,39.45,11,Faulty,9.22
M04163,Central,Residential,2025-11-07,27.93,18.29,21,Active,6.83
M04164,East,Industrial,2025-05-17,104.36,73.35,18,Active,10.09
M04165,Central,Commercial,2025-09-30,86.69,43.81,12,Active,8.07
M04166,North,Residential,2025-05-29,26.05,10.49,22,Faulty,6.99
M04167,West,Commercial,2025-07-07,72.39,36.6,14,Active,9.12
M04168,Central,Residential,2025-05-21,37.71,26.0,13,Active,7.05
M04169,Central,Residential,2025-05-11,23.29,13.87,14,Active,6.96
M04170,South,Commercial,2025-01-04,72.5,49.25,18,Active,9.26
M04171,North,Industrial,2025-09-20,103.81,43.0,21,Active,10.6
M04172,West,Residential,2025-01-26,32.98,19.99,22,Active,7.21
M04173,Central,Residential,2025-01-24,19.76,11.39,18,Active,6.95
M04174,Central,Residential,2025-09-23,33.42,17.91,15,Active,7.07
M04175,West,Residential,2025-08-17,52.27,26.87,20,Active,6.38
M04176,North,Residential,2025-09-26,47.91,25.18,27,Active,6.87
M04177,South,Residential,2025-05-05,23.21,15.66,25,Active,6.27
M04178,Central,Commercial,2025-06-21,65.13,46.11,23,Active,8.09
M04179,South,Residential,2025-08-22,56.06,17.18,18,Active,6.75
M04180,East,Residential,2025-10-22,37.29,19.93,20,Active,7.02
M04181,North,Commercial,2025-10-02,47.82,33.91,18,Active,8.11
M04182,East,Commercial,2025-03-17,58.99,18.72,18,Active,8.24
M04183,East,Residential,2025-11-04,50.97,23.26,18,Active,6.12
M04184,East,Residential,2025-08-02,34.14,10.06,27,Active,6.82
M04185,North,Commercial,2025-06-07,60.07,18.43,21,Active,8.1
M04186,North,Residential,2025-10-29,29.96,21.03,16,Active,6.12
M04187,West,Residential,2025-07-23,46.44,21.97,16,Active,6.34
M04188,South,Commercial,2025-05-29,63.87,37.96,18,Active,8.35
M04189,South,Residential,2025-03-16,28.47,9.09,10,Faulty,6.72
M04190,West,Residential,2025-08-17,31.26,8.16,15,Faulty,6.04
M04191,West,Residential,2025-10-31,70.52,49.03,16,Active,6.8
M04192,East,Residential,2025-03-03,25.54,13.72,11,Active,6.54
M04193,West,Residential,2025-02-27,23.06,6.0,15,Active,6.23
M04194,Central,Industrial,2025-10-01,91.34,68.16,20,Active,10.35
M04195,South,Residential,2025-04-18,21.18,10.51,22,Active,6.43
M04196,West,Residential,2025-07-06,32.05,15.64,20,Active,7.08
M04197,Central,Residential,2025-08-17,45.79,25.66,16,Active,7.29
M04198,Central,Industrial,2025-02-17,133.33,33.86,22,Active,10.51
M04199,Central,Residential,2025-11-15,29.51,15.78,25,Active,6.97
M04200,Central,Residential,2025-09-25,30.6,17.28,19,Active,6.46
M04201,East,Industrial,2025-08-03,110.75,44.13,17,Active,10.19
M04202,Central,Residential,2025-10-17,30.27,18.57,17,Active,6.07
M04203,East,Residential,2025-09-11,34.4,15.09,17,Active,6.95
M04204,East,Residential,2025-12-24,36.87,22.45,19,Faulty,6.88
M04205,Central,Residential,2025-03-28,46.53,14.98,15,Active,6.35
M04206,South,Residential,2025-06-30,25.02,17.69,19,Active,6.69
M04207,Central,Commercial,2025-01-25,58.08,40.06,22,Active,8.88
M04208,Central,Residential,2025-08-10,46.76,15.21,14,Active,6.48
M04209,Central,Commercial,2025-02-18,54.8,39.41,13,Active,8.94
M04210,South,Residential,2025-11-30,27.6,14.6,20,Active,7.04
M04211,North,Residential,2025-06-24,21.6,12.98,20,Active,6.29
M04212,North,Residential,2025-11-07,36.93,24.75,14,Active,6.39
M04213,East,Industrial,2025-10-01,109.76,32.03,19,Active,10.02
M04214,East,Residential,2025-02-04,25.87,8.66,17,Active,6.31
M04215,South,Commercial,2025-08-05,46.38,18.33,20,Active,9.01
M04216,West,Residential,2025-07-28,32.51,15.88,16,Active,6.74
M04217,North,Residential,2025-06-09,79.17,33.49,14,Faulty,6.49
M04218,East,Residential,2025-01-07,43.83,22.04,31,Active,6.02
M04219,North,Residential,2025-09-26,31.87,10.93,14,Active,6.42
M04220,South,Residential,2025-05-06,35.82,21.17,18,Active,7.09
M04221,South,Residential,2025-11-21,30.0,8.34,17,Active,6.97
M04222,West,Commercial,2025-12-22,49.14,21.17,20,Active,8.09
M04223,West,Residential,2025-03-31,31.05,10.54,25,Active,7.04
M04224,South,Commercial,2025-02-11,56.11,34.51,12,Active,8.23
M04225,East,Residential,2025-12-31,28.82,19.94,22,Active,7.28
M04226,North,Residential,2025-06-08,26.87,7.78,21,Active,7.13
M04227,Central,Commercial,2025-07-21,55.97,35.96,15,Active,9.19
M04228,West,Residential,2025-10-09,22.56,15.74,20,Active,7.0
M04229,Central,Residential,2025-11-28,24.3,17.91,23,Active,6.92
M04230,East,Commercial,2025-10-15,73.16,39.48,21,Active,8.32
M04231,West,Industrial,2025-04-01,118.73,49.12,15,Active,10.26
M04232,Central,Residential,2025-05-05,50.92,20.93,19,Active,6.91
M04233,East,Residential,2025-05-06,20.76,9.12,17,Faulty,6.37
M04234,North,Industrial,2025-02-21,92.97,51.72,13,Faulty,10.02
M04235,East,Residential,2025-04-13,38.13,18.88,17,Active,7.23
M04236,West,Commercial,2025-12-27,58.07,33.5,16,Active,8.53
M04237,South,Residential,2025-07-06,43.72,11.79,17,Active,6.41
M04238,North,Residential,2025-07-24,29.84,9.04,13,Active,6.14
M04239,Central,Commercial,2025-01-14,58.36,43.09,22,Active,8.44
M04240,West,Residential,2025-04-14,22.02,16.46,18,Active,6.8
M04241,South,Residential,2025-04-27,24.58,15.32,12,Faulty,6.19
M04242,East,Residential,2025-10-31,34.48,13.04,22,Active,6.79
M04243,South,Commercial,2025-04-03,71.01,51.6,17,Active,8.96
M04244,West,Commercial,2025-05-24,91.5,32.65,19,Active,9.0
M04245,West,Residential,2025-04-20,32.55,20.04,15,Active,7.28
M04246,South,Residential,2025-06-12,30.8,9.47,18,Active,6.56
M04247,East,Commercial,2025-02-22,66.32,38.1,18,Active,8.04
M04248,South,Commercial,2025-01-03,73.19,46.09,21,Active,9.11
M04249,West,Commercial,2025-03-09,55.71,37.87,25,Active,8.11
M04250,West,Residential,2025-09-03,34.21,21.11,20,Active,7.12
M04251,Central,Commercial,2025-05-18,59.23,42.16,15,Active,9.28
M04252,Central,Commercial,2025-11-04,49.9,25.47,28,Active,9.18
M04253,North,Residential,2025-12-18,30.33,17.86,19,Active,7.25
M04254,West,Residential,2025-10-14,22.47,9.77,12,Active,6.03
M04255,Central,Residential,2025-03-07,27.64,7.05,18,Active,6.01
M04256,South,Commercial,2025-12-13,49.55,31.13,21,Active,8.27
M04257,East,Residential,2025-11-21,19.75,13.53,24,Active,7.04
M04258,South,Commercial,2025-06-04,60.11,20.25,9,Active,8.12
M04259,East,Industrial,2025-03-28,100.94,26.68,11,Active,10.47
M04260,Central,Commercial,2025-02-02,49.31,16.38,17,Active,8.02
M04261,North,Industrial,2025-03-09,91.47,63.81,22,Active,10.45
M04262,South,Industrial,2025-07-06,97.56,38.8,16,Active,9.83
M04263,South,Residential,2025-07-11,47.69,17.5,19,Active,6.57
M04264,South,Commercial,2025-08-01,52.92,13.62,18,Active,9.27
M04265,East,Residential,2025-03-29,18.64,7.43,15,Faulty,6.72
M04266,Central,Industrial,2025-12-17,112.88,68.61,23,Active,9.6
M04267,South,Residential,2025-04-18,24.95,18.2,23,Active,7.14
M04268,South,Industrial,2025-08-28,97.17,39.49,12,Active,9.92
M04269,North,Commercial,2025-08-04,49.2,18.22,17,Active,8.76
M04270,North,Commercial,2025-06-26,49.1,34.08,29,Active,8.93
M04271,Central,Residential,2025-02-22,28.42,19.22,20,Active,7.01
M04272,Central,Residential,2025-11-26,26.96,11.16,17,Active,6.56
M04273,West,Commercial,2025-02-18,66.11,18.8,19,Active,9.01
M04274,North,Residential,2025-04-24,26.85,20.03,14,Faulty,6.15
M04275,West,Commercial,2025-04-05,71.35,42.12,20,Active,8.68
M04276,East,Residential,2025-01-25,36.55,26.07,22,Active,6.03
M04277,West,Commercial,2025-05-12,83.63,35.2,16,Active,8.53
M04278,South,Residential,2025-06-28,31.5,18.08,9,Active,6.47
M04279,West,Commercial,2025-05-25,90.15,52.94,25,Active,9.27
M04280,Central,Commercial,2025-12-30,51.41,35.29,16,Active,8.52
M04281,East,Residential,2025-07-17,25.48,19.02,18,Active,7.18
M04282,South,Residential,2025-11-21,34.82,10.6,17,Active,6.57
M04283,West,Residential,2025-03-25,28.52,16.13,21,Active,6.69
M04284,East,Commercial,2025-06-06,79.69,33.33,20,Active,8.46
M04285,East,Residential,2025-03-26,34.75,22.79,17,Active,6.83
M04286,South,Commercial,2025-09-10,64.06,40.17,25,Active,8.96
M04287,West,Residential,2025-03-13,43.63,30.38,17,Active,7.03
M04288,East,Residential,2025-08-11,37.1,15.65,22,Active,6.9
M04289,East,Residential,2025-10-03,40.83,13.97,15,Faulty,6.43
M04290,North,Residential,2025-10-10,23.75,6.2,23,Active,6.43
M04291,East,Residential,2025-09-21,25.57,9.66,18,Active,6.45
M04292,North,Industrial,2025-09-03,112.89,48.95,22,Active,9.55
M04293,West,Industrial,2025-12-07,115.98,83.86,20,Active,10.73
M04294,West,Residential,2025-03-02,35.38,17.54,20,Active,6.25
M04295,West,Commercial,2025-09-16,75.74,40.01,17,Active,8.21
M04296,Central,Commercial,2025-01-07,66.81,46.1,18,Active,8.72
M04297,West,Residential,2025-07-07,37.49,25.96,18,Active,6.06
M04298,East,Residential,2025-01-04,36.85,18.94,17,Faulty,7.09
M04299,South,Residential,2025-08-19,30.9,9.48,22,Active,7.14
M04300,North,Residential,2025-05-13,50.23,19.35,27,Active,6.52
M04301,Central,Industrial,2025-05-05,96.21,46.03,20,Active,10.76
M04302,West,Commercial,2025-01-15,59.07,36.95,8,Active,8.42
M04303,West,Residential,2025-01-13,35.94,21.77,22,Active,6.34
M04304,South,Residential,2025-04-28,35.62,20.35,18,Active,7.29
M04305,South,Commercial,2025-08-28,53.07,36.62,21,Active,8.33
M04306,Central,Commercial,2025-09-20,52.18,33.99,16,Active,8.58
M04307,North,Commercial,2025-12-26,46.33,34.33,10,Active,8.8
M04308,West,Commercial,2025-01-06,48.83,33.92,30,Active,8.42
M04309,Central,Residential,2025-11-16,20.01,6.96,18,Active,6.5
M04310,East,Commercial,2025-08-19,54.88,15.3,24,Active,8.94
M04311,East,Commercial,2025-01-30,57.78,26.42,14,Active,8.94
M04312,Central,Residential,2025-01-22,26.65,14.89,18,Active,7.04
M04313,West,Commercial,2025-06-05,62.46,35.7,18,Faulty,8.77
M04314,Central,Residential,2025-04-28,42.07,16.14,21,Active,6.3
M04315,West,Residential,2025-12-06,39.34,26.75,22,Active,6.43
M04316,South,Residential,2025-07-12,44.0,18.24,20,Active,7.17
M04317,Central,Residential,2025-12-12,31.32,22.22,21,Active,6.95
M04318,West,Residential,2025-07-14,23.44,11.39,21,Active,6.11
M04319,Central,Residential,2025-06-17,19.93,5.09,14,Faulty,6.98
M04320,Central,Residential,2025-08-27,58.1,19.23,20,Active,6.43
M04321,West,Residential,2025-12-28,23.25,7.0,15,Active,6.03
M04322,West,Residential,2025-09-01,51.56,14.02,14,Active,6.63
M04323,North,Residential,2025-03-10,26.51,16.09,22,Active,7.15
M04324,Central,Commercial,2025-04-05,56.56,19.58,8,Faulty,8.58
M04325,East,Residential,2025-03-18,29.68,19.87,15,Active,7.29
M04326,Central,Residential,2025-06-20,42.86,16.38,24,Active,6.23
M04327,Central,Industrial,2025-01-01,94.03,25.03,16,Active,9.96
M04328,West,Commercial,2025-03-03,99.15,65.47,16,Active,8.02
M04329,Central,Industrial,2025-07-26,95.94,46.35,28,Active,9.57
M04330,Central,Residential,2025-06-03,38.97,21.42,22,Active,6.46
M04331,East,Residential,2025-10-01,25.87,10.82,22,Active,6.69
M04332,West,Commercial,2025-02-17,58.21,15.89,15,Active,8.31
M04333,Central,Residential,2025-05-17,24.62,10.71,10,Active,6.22
M04334,South,Residential,2025-01-01,25.97,13.22,18,Active,6.55
M04335,North,Residential,2025-08-23,49.12,12.57,14,Active,6.22
M04336,East,Commercial,2025-09-13,71.27,38.28,24,Active,8.82
M04337,Central,Residential,2025-04-17,23.08,16.08,17,Faulty,7.24
M04338,South,Industrial,2025-06-22,100.44,36.05,13,Active,10.55
M04339,Central,Industrial,2025-05-10,108.32,77.27,17,Active,9.78
M04340,Central,Residential,2025-10-21,29.35,8.77,18,Active,7.24
M04341,West,Commercial,2025-02-09,56.67,37.56,21,Active,8.98
M04342,West,Commercial,2025-12-04,64.43,43.18,23,Faulty,8.2
M04343,West,Commercial,2025-01-16,59.65,22.6,17,Active,8.75
M04344,South,Residential,2025-05-07,32.65,23.8,19,Faulty,7.26
M04345,Central,Commercial,2025-12-15,51.46,23.58,16,Active,8.13
M04346,North,Residential,2025-07-22,30.35,9.73,17,Active,6.35
M04347,East,Industrial,2025-05-14,105.38,57.52,20,Faulty,9.99
M04348,West,Residential,2025-09-16,33.1,24.77,25,Active,6.15
M04349,West,Residential,2025-01-14,45.58,31.89,15,Active,6.39
M04350,Central,Commercial,2025-03-07,60.08,23.39,19,Active,8.9
M04351,Central,Commercial,2025-12-17,73.27,39.46,25,Active,8.62
M04352,South,Commercial,2025-12-08,65.86,20.26,18,Active,8.55
M04353,South,Residential,2025-07-14,22.16,10.66,19,Active,6.56
M04354,West,Residential,2025-04-24,29.57,15.13,21,Active,6.99
M04355,Central,Industrial,2025-06-08,133.45,54.4,18,Active,10.79
M04356,North,Commercial,2025-06-10,68.53,33.72,12,Active,8.77
M04357,East,Commercial,2025-09-11,61.78,43.86,18,Active,8.98
M04358,Central,Residential,2025-01-15,38.48,19.24,22,Active,6.48
M04359,Central,Residential,2025-02-06,22.27,14.82,22,Active,7.12
M04360,South,Commercial,2025-06-04,50.39,20.59,24,Active,8.55
M04361,East,Commercial,2025-01-27,49.63,36.51,13,Active,9.22
M04362,West,Residential,2025-01-12,37.61,11.16,19,Faulty,6.97
M04363,Central,Industrial,2025-03-08,133.52,72.47,17,Active,10.42
M04364,West,Residential,2025-01-30,40.11,25.87,23,Active,6.38
M04365,Central,Residential,2025-04-06,30.66,20.14,12,Faulty,7.03
M04366,West,Residential,2025-08-03,34.85,12.17,22,Active,6.14
M04367,East,Residential,2025-07-13,22.75,10.26,16,Active,6.7
M04368,South,Residential,2025-05-15,39.57,22.24,16,Faulty,6.96
M04369,East,Residential,2025-10-17,22.78,9.29,16,Active,7.15
M04370,North,Residential,2025-02-01,21.55,12.48,19,Active,6.74
M04371,South,Commercial,2025-02-08,50.59,22.23,15,Active,8.34
M04372,East,Residential,2025-12-18,35.27,15.01,15,Active,7.1
M04373,North,Residential,2025-07-25,35.29,10.73,21,Active,7.0
M04374,Central,Residential,2025-02-12,39.64,10.69,23,Faulty,6.2
M04375,Central,Residential,2025-12-03,22.22,14.83,16,Active,7.13
M04376,West,Commercial,2025-09-16,65.24,32.28,17,Faulty,9.25
M04377,South,Residential,2025-09-06,68.78,36.55,23,Active,6.7
M04378,Central,Commercial,2025-03-15,57.79,25.2,12,Active,8.05
M04379,South,Commercial,2025-11-15,59.41,18.91,20,Active,9.19
M04380,Central,Residential,2025-10-23,26.39,12.53,22,Active,6.16
M04381,West,Residential,2025-10-01,50.25,18.32,15,Active,6.82
M04382,East,Residential,2025-11-19,39.3,26.29,12,Active,6.52
M04383,West,Residential,2025-12-25,34.71,25.8,18,Active,7.29
M04384,North,Commercial,2025-07-09,62.9,43.69,13,Active,9.19
M04385,Central,Commercial,2025-05-18,68.45,35.19,19,Active,9.02
M04386,North,Residential,2025-10-29,36.99,20.86,18,Active,6.26
M04387,North,Residential,2025-11-07,24.89,18.02,19,Active,6.91
M04388,South,Residential,2025-11-27,30.27,15.72,15,Active,6.74
M04389,Central,Commercial,2025-12-19,70.58,40.18,15,Active,8.18
M04390,North,Residential,2025-10-09,26.49,14.96,22,Faulty,7.03
M04391,East,Residential,2025-06-15,24.57,14.84,16,Active,6.11
M04392,North,Residential,2025-10-05,30.02,17.12,15,Active,6.63
M04393,East,Commercial,2025-01-26,48.78,28.55,24,Active,8.55
M04394,South,Industrial,2025-03-14,123.79,75.88,23,Active,10.55
M04395,North,Residential,2025-04-25,38.59,25.26,15,Active,6.56
M04396,West,Residential,2025-02-20,22.1,9.98,23,Active,6.9
M04397,South,Industrial,2025-06-20,122.59,76.36,19,Active,10.12
M04398,East,Residential,2025-09-25,39.24,11.78,19,Active,6.76
M04399,South,Commercial,2025-01-03,56.28,38.73,19,Faulty,8.31
M04400,North,Residential,2025-07-29,28.9,11.42,16,Active,6.26
M04401,Central,Commercial,2025-12-04,75.91,34.29,15,Active,8.92
M04402,Central,Residential,2025-10-28,36.53,23.81,11,Active,6.16
M04403,East,Industrial,2025-12-08,105.11,59.75,20,Active,9.73
M04404,East,Commercial,2025-04-25,62.81,25.39,20,Active,9.22
M04405,Central,Commercial,2025-06-16,59.9,21.73,16,Active,8.33
M04406,East,Commercial,2025-09-22,60.18,43.86,22,Active,8.42
M04407,South,Commercial,2025-08-15,62.75,18.44,12,Active,8.82
M04408,West,Residential,2025-05-31,34.31,8.65,16,Active,6.57
M04409,West,Industrial,2025-09-25,94.82,55.61,9,Active,10.23
M04410,South,Industrial,2025-04-26,117.21,65.31,15,Active,9.69
M04411,West,Residential,2025-03-29,52.09,32.23,19,Active,6.87
M04412,North,Industrial,2025-11-14,105.74,65.12,28,Active,9.7
M04413,South,Commercial,2025-08-30,75.06,51.16,24,Active,8.97
M04414,East,Residential,2025-12-26,41.34,29.39,19,Active,6.68
M04415,South,Residential,2025-11-25,32.34,20.62,15,Active,7.06
M04416,Central,Residential,2025-11-29,32.42,11.87,14,Active,6.22
M04417,East,Residential,2025-02-09,50.23,24.2,12,Active,6.49
M04418,Central,Residential,2025-07-01,38.54,22.0,20,Active,7.1
M04419,East,Residential,2025-07-28,52.16,27.11,14,Active,7.04
M04420,West,Residential,2025-09-30,22.32,7.35,12,Active,7.26
M04421,South,Residential,2025-04-29,29.61,16.13,20,Faulty,6.29
M04422,North,Industrial,2025-01-24,95.49,66.2,30,Active,10.2
M04423,East,Residential,2025-09-15,42.34,19.45,26,Active,6.02
M04424,East,Residential,2025-04-02,21.04,12.3,26,Active,7.25
M04425,Central,Residential,2025-06-10,28.58,15.95,19,Faulty,6.23
M04426,West,Residential,2025-05-29,47.76,20.94,16,Active,7.18
M04427,Central,Commercial,2025-04-27,68.91,36.7,10,Active,8.88
M04428,Central,Commercial,2025-02-22,83.65,29.7,16,Active,9.22
M04429,West,Commercial,2025-10-29,55.89,29.23,10,Active,8.32
M04430,North,Residential,2025-02-14,30.71,19.94,20,Active,6.45
M04431,Central,Commercial,2025-09-22,57.64,36.28,24,Faulty,8.21
M04432,Central,Residential,2025-09-19,28.23,12.11,19,Active,6.55
M04433,East,Residential,2025-11-03,37.28,11.41,20,Faulty,7.23
M04434,West,Residential,2025-08-22,21.25,13.81,19,Active,6.74
M04435,South,Residential,2025-02-04,20.05,7.67,18,Active,6.54
M04436,North,Residential,2025-12-04,52.03,14.39,18,Active,6.42
M04437,North,Residential,2025-07-16,45.6,21.55,20,Active,6.76
M04438,West,Industrial,2025-01-25,94.05,58.29,27,Active,10.44
M04439,East,Residential,2025-07-21,23.06,15.09,20,Active,6.53
M04440,East,Residential,2025-09-30,37.24,27.6,18,Faulty,6.3
M04441,West,Residential,2025-02-05,32.73,11.28,18,Active,6.76
M04442,East,Commercial,2025-08-11,98.97,39.28,12,Active,8.48
M04443,North,Residential,2025-12-18,43.0,23.85,20,Active,7.29
M04444,North,Industrial,2025-10-04,96.12,63.02,16,Active,10.07
M04445,South,Industrial,2025-01-18,91.36,33.53,16,Active,10.06
M04446,West,Residential,2025-07-07,34.86,15.86,16,Active,7.09
M04447,Central,Residential,2025-09-14,37.39,16.98,19,Faulty,6.33
M04448,Central,Residential,2025-05-22,33.0,21.0,18,Active,6.09
M04449,South,Commercial,2025-05-16,56.53,20.94,18,Active,9.11
M04450,South,Residential,2025-11-03,39.48,28.99,26,Active,6.77
M04451,East,Residential,2025-03-20,23.38,11.81,11,Active,6.34
M04452,South,Residential,2025-10-19,27.91,10.91,17,Active,6.45
M04453,South,Commercial,2025-03-03,53.97,21.16,12,Active,8.55
M04454,Central,Residential,2025-05-09,35.36,9.16,22,Active,6.88
M04455,East,Residential,2025-12-07,27.5,16.4,30,Active,6.61
M04456,South,Commercial,2025-10-25,65.25,41.63,21,Faulty,8.51
M04457,South,Commercial,2025-09-14,59.68,15.89,24,Faulty,9.01
M04458,East,Industrial,2025-07-31,132.85,72.13,15,Active,9.59
M04459,West,Residential,2025-02-23,25.95,16.63,17,Active,6.85
M04460,East,Commercial,2025-06-24,72.11,31.59,22,Active,8.58
M04461,Central,Commercial,2025-04-10,47.25,22.04,22,Active,8.44
M04462,West,Residential,2025-02-08,50.75,21.86,18,Faulty,7.21
M04463,North,Commercial,2025-09-20,53.14,21.67,19,Active,9.01
M04464,East,Residential,2025-05-30,50.86,25.2,19,Active,6.29
M04465,Central,Industrial,2025-05-01,112.22,37.37,12,Active,10.35
M04466,West,Residential,2025-06-27,46.4,21.82,14,Active,7.07
M04467,East,Commercial,2025-10-28,56.06,40.41,14,Active,9.29
M04468,South,Residential,2025-11-26,36.18,9.54,18,Faulty,6.91
M04469,East,Industrial,2025-04-30,92.97,30.9,16,Active,10.4
M04470,North,Residential,2025-03-13,25.52,16.3,25,Active,6.8
M04471,East,Industrial,2025-08-07,95.68,30.24,20,Active,9.55
M04472,West,Industrial,2025-10-29,126.24,48.68,17,Active,10.26
M04473,West,Residential,2025-05-03,44.05,21.03,18,Active,7.05
M04474,East,Commercial,2025-09-01,106.31,76.71,19,Faulty,8.51
M04475,West,Industrial,2025-03-16,105.06,35.9,21,Faulty,10.26
M04476,South,Residential,2025-01-06,54.63,38.87,16,Active,7.2
M04477,East,Residential,2025-01-21,33.66,20.51,21,Active,6.22
M04478,South,Residential,2025-07-09,21.81,12.77,17,Active,6.36
M04479,South,Residential,2025-08-13,26.72,16.35,20,Active,6.14
M04480,Central,Residential,2025-04-13,47.17,12.53,21,Active,6.65
M04481,East,Residential,2025-12-10,35.8,10.72,18,Active,7.09
M04482,West,Residential,2025-04-09,62.7,26.17,21,Active,6.57
M04483,South,Residential,2025-11-14,34.73,9.97,16,Active,6.09
M04484,Central,Residential,2025-12-29,25.57,19.02,21,Active,6.34
M04485,East,Industrial,2025-03-24,111.27,60.11,16,Active,10.66
M04486,East,Commercial,2025-06-30,54.68,26.99,18,Faulty,8.72
M04487,North,Residential,2025-06-01,28.81,18.52,16,Active,7.19
M04488,North,Commercial,2025-02-25,81.42,60.13,14,Active,9.08
M04489,South,Commercial,2025-07-09,50.61,36.82,20,Active,8.54
M04490,North,Industrial,2025-01-22,102.1,66.01,25,Active,10.32
M04491,South,Residential,2025-03-09,33.2,14.56,24,Active,6.86
M04492,West,Residential,2025-07-04,23.54,6.66,17,Active,6.97
M04493,South,Industrial,2025-01-10,103.52,30.97,26,Active,9.93
M04494,North,Industrial,2025-03-07,109.26,27.38,11,Active,9.88
M04495,West,Commercial,2025-09-21,57.17,14.35,14,Active,8.89
M04496,North,Commercial,2025-08-13,75.48,54.21,11,Active,9.06
M04497,South,Residential,2025-05-03,33.83,24.14,25,Active,6.54
M04498,Central,Residential,2025-02-07,68.17,39.8,15,Active,6.42
M04499,East,Residential,2025-05-03,56.93,34.92,20,Faulty,7.07
M04500,North,Residential,2025-11-14,32.87,16.65,16,Active,6.89
M04501,South,Commercial,2025-06-05,59.17,21.83,9,Active,8.45
M04502,West,Residential,2025-10-28,42.72,30.21,31,Active,6.69
M04503,North,Residential,2025-11-17,18.96,7.37,17,Active,7.25
M04504,North,Industrial,2025-03-08,98.22,60.88,18,Active,10.47
M04505,East,Residential,2025-05-13,26.44,9.85,22,Active,6.29
M04506,South,Industrial,2025-12-28,135.85,93.07,19,Active,9.88
M04507,Central,Industrial,2025-05-20,99.38,57.21,25,Active,9.84
M04508,West,Commercial,2025-03-23,54.4,31.08,12,Active,9.1
M04509,South,Residential,2025-02-27,26.42,7.89,17,Active,6.83
M04510,West,Residential,2025-05-29,27.32,12.56,12,Active,7.22
M04511,North,Residential,2025-05-11,25.12,12.87,20,Active,6.12
M04512,East,Residential,2025-03-10,31.69,12.58,13,Active,6.07
M04513,East,Residential,2025-12-11,49.01,33.84,14,Active,6.88
M04514,Central,Industrial,2025-09-07,103.33,69.11,19,Active,9.85
M04515,East,Residential,2025-11-16,26.62,13.23,15,Faulty,6.88
M04516,North,Commercial,2025-06-26,60.68,25.49,24,Active,8.94
M04517,Central,Residential,2025-03-13,44.61,29.03,20,Active,6.4
M04518,South,Commercial,2025-01-17,62.78,21.88,14,Active,9.24
M04519,East,Industrial,2025-11-25,104.58,29.88,24,Active,10.51
M04520,Central,Residential,2025-06-09,28.06,7.66,26,Active,6.48
M04521,North,Residential,2025-03-11,26.69,7.19,20,Active,6.54
M04522,West,Commercial,2025-04-23,73.04,36.11,25,Active,8.93
M04523,West,Commercial,2025-08-20,80.92,30.56,16,Active,8.4
M04524,North,Commercial,2025-01-21,107.79,64.16,14,Active,8.38
M04525,North,Residential,2025-05-15,27.51,15.87,25,Active,6.81
M04526,West,Residential,2025-09-20,29.82,15.54,18,Active,6.18
M04527,Central,Industrial,2025-04-21,104.08,44.38,22,Faulty,10.79
M04528,West,Industrial,2025-09-03,96.73,65.31,17,Active,9.87
M04529,North,Residential,2025-10-10,32.55,19.69,14,Active,6.5
M04530,East,Commercial,2025-01-08,49.01,18.91,17,Active,8.29
M04531,South,Residential,2025-10-11,35.05,17.55,11,Faulty,6.84
M04532,East,Residential,2025-07-26,54.03,17.73,21,Active,6.08
M04533,East,Residential,2025-07-13,34.42,14.26,16,Active,7.21
M04534,North,Residential,2025-02-16,26.45,19.8,20,Faulty,6.4
M04535,West,Residential,2025-12-08,27.94,10.11,20,Active,7.21
M04536,Central,Residential,2025-08-30,24.06,14.42,28,Active,6.33
M04537,East,Residential,2025-01-10,33.38,12.32,12,Active,6.67
M04538,West,Commercial,2025-10-16,51.5,37.03,15,Active,8.9
M04539,Central,Commercial,2025-05-11,51.53,20.87,23,Faulty,8.8
M04540,East,Commercial,2025-09-27,52.12,22.06,23,Active,8.67
M04541,Central,Industrial,2025-10-29,106.06,58.01,17,Active,10.53
M04542,West,Residential,2025-03-02,29.82,16.22,19,Active,6.61
M04543,South,Commercial,2025-06-13,81.14,43.78,14,Faulty,8.43
M04544,West,Commercial,2025-01-13,50.49,27.09,9,Active,8.93
M04545,North,Residential,2025-09-29,55.88,22.69,26,Active,7.22
M04546,Central,Residential,2025-07-27,53.19,24.85,22,Active,6.78
M04547,South,Residential,2025-09-03,31.38,17.16,23,Active,6.36
M04548,Central,Industrial,2025-05-13,99.3,58.15,18,Active,10.49
M04549,Central,Residential,2025-09-01,28.54,10.75,17,Active,6.99
M04550,East,Industrial,2025-10-21,96.32,57.86,15,Active,9.85
M04551,North,Commercial,2025-02-07,59.59,42.41,11,Active,8.5
M04552,Central,Commercial,2025-12-25,64.13,40.34,23,Active,8.18
M04553,West,Commercial,2025-02-25,68.22,19.93,23,Active,8.1
M04554,West,Commercial,2025-11-15,65.33,31.66,20,Active,9.05
M04555,East,Residential,2025-02-17,34.46,16.11,17,Active,6.48
M04556,North,Residential,2025-04-15,34.36,14.37,17,Active,6.37
M04557,North,Commercial,2025-02-28,50.02,24.79,15,Active,8.33
M04558,West,Residential,2025-03-18,35.93,16.88,22,Active,6.1
M04559,South,Residential,2025-08-06,49.8,12.6,12,Active,7.28
M04560,East,Residential,2025-02-24,72.54,26.71,12,Active,6.48
M04561,East,Industrial,2025-02-24,100.68,35.93,10,Active,9.71
M04562,West,Residential,2025-05-09,43.29,18.38,17,Active,7.12
M04563,West,Commercial,2025-03-26,57.44,19.37,15,Active,8.94
M04564,South,Residential,2025-08-02,41.39,11.75,6,Active,6.86
M04565,South,Residential,2025-04-25,27.34,9.52,19,Active,6.39
M04566,North,Commercial,2025-11-10,55.98,37.9,17,Active,8.54
M04567,East,Residential,2025-10-20,26.26,17.03,20,Active,7.09
M04568,East,Commercial,2025-02-18,62.26,29.33,22,Active,8.83
M04569,West,Commercial,2025-03-08,47.75,32.9,20,Active,8.45
M04570,North,Commercial,2025-10-02,60.93,22.32,11,Active,8.14
M04571,East,Residential,2025-05-09,43.69,23.68,11,Active,7.17
M04572,North,Industrial,2025-01-29,91.9,29.54,22,Active,10.74
M04573,North,Commercial,2025-12-09,81.8,54.54,9,Active,8.93
M04574,West,Industrial,2025-02-02,92.52,29.17,15,Active,10.4
M04575,North,Residential,2025-04-29,42.05,11.18,19,Active,6.7
M04576,South,Residential,2025-06-29,27.7,10.71,19,Active,7.26
M04577,South,Industrial,2025-05-31,114.67,80.32,16,Active,10.4
M04578,Central,Industrial,2025-05-13,101.32,31.89,19,Active,9.6
M04579,West,Residential,2025-11-23,39.65,16.47,15,Active,6.12
M04580,Central,Residential,2025-07-04,28.78,11.75,14,Active,7.25
M04581,South,Residential,2025-05-14,25.72,16.74,28,Active,7.23
M04582,Central,Residential,2025-06-26,25.66,11.82,12,Active,6.73
M04583,West,Residential,2025-01-22,40.13,22.3,14,Faulty,6.28
M04584,West,Residential,2025-08-29,29.02,13.12,25,Active,6.76
M04585,North,Industrial,2025-03-18,111.65,58.7,25,Active,10.49
M04586,East,Residential,2025-07-23,41.04,11.54,12,Active,6.01
M04587,North,Commercial,2025-01-04,68.11,29.77,12,Active,9.07
M04588,West,Residential,2025-11-24,26.55,17.99,16,Active,6.6
M04589,South,Residential,2025-06-14,27.71,16.5,11,Active,6.6
M04590,South,Residential,2025-05-08,41.08,30.44,17,Active,6.56
M04591,North,Residential,2025-02-14,21.47,13.83,16,Active,6.9
M04592,West,Commercial,2025-08-06,67.27,32.0,24,Active,8.27
M04593,South,Industrial,2025-08-23,120.81,71.05,17,Active,10.29
M04594,West,Residential,2025-05-16,29.57,18.86,25,Active,6.06
M04595,South,Residential,2025-06-17,50.53,19.45,20,Active,7.05
M04596,West,Residential,2025-08-25,34.87,9.76,18,Active,7.06
M04597,Central,Industrial,2025-04-03,110.92,50.24,13,Active,9.91
M04598,West,Commercial,2025-01-05,58.6,18.89,15,Active,8.14
M04599,West,Residential,2025-06-05,27.02,10.5,20,Faulty,6.97
M04600,North,Commercial,2025-09-02,62.5,45.21,19,Active,8.61
M04601,Central,Commercial,2025-12-26,55.16,37.15,21,Active,9.2
M04602,East,Residential,2025-03-22,42.82,23.39,16,Active,6.46
M04603,North,Residential,2025-09-04,28.76,12.96,17,Active,7.09
M04604,East,Industrial,2025-12-09,108.32,41.4,20,Active,9.53
M04605,South,Commercial,2025-05-17,61.51,32.95,19,Active,9.0
M04606,East,Residential,2025-03-04,18.6,9.61,12,Active,6.88
M04607,West,Residential,2025-11-03,36.93,23.65,16,Active,6.68
M04608,East,Residential,2025-04-26,43.5,31.06,13,Active,7.18
M04609,North,Residential,2025-04-23,21.64,8.97,22,Active,7.22
M04610,North,Commercial,2025-01-31,61.2,21.61,30,Active,9.21
M04611,East,Residential,2025-01-07,37.8,17.06,18,Active,6.78
M04612,North,Commercial,2025-01-03,60.91,28.55,21,Faulty,8.68
M04613,North,Industrial,2025-11-03,102.12,27.57,23,Active,9.85
M04614,East,Residential,2025-08-31,29.52,20.1,15,Active,6.21
M04615,Central,Residential,2025-02-25,22.72,16.99,26,Active,6.72
M04616,Central,Residential,2025-03-14,26.63,18.95,25,Active,6.19
M04617,South,Commercial,2025-01-10,87.49,59.52,21,Active,8.22
M04618,North,Residential,2025-03-02,40.4,30.15,13,Active,6.46
M04619,East,Commercial,2025-02-19,57.45,40.44,23,Active,8.24
M04620,North,Industrial,2025-05-02,99.84,59.32,17,Active,10.15
M04621,West,Residential,2025-06-24,49.31,16.44,20,Faulty,6.86
M04622,North,Industrial,2025-01-01,99.11,32.53,16,Active,10.41
M04623,North,Industrial,2025-02-07,116.99,32.1,15,Active,10.19
M04624,Central,Residential,2025-07-09,21.93,10.0,12,Active,6.68
M04625,East,Residential,2025-03-20,31.02,20.3,18,Active,6.62
M04626,North,Industrial,2025-12-11,123.52,61.16,20,Active,9.82
M04627,Central,Industrial,2025-12-04,99.4,43.06,18,Active,10.35
M04628,South,Residential,2025-07-09,25.08,7.64,22,Active,6.85
M04629,Central,Residential,2025-07-03,31.79,8.77,19,Active,6.33
M04630,Central,Residential,2025-03-08,46.43,20.87,20,Active,6.91
M04631,Central,Industrial,2025-01-17,118.68,35.6,15,Active,10.62
M04632,North,Residential,2025-11-12,30.27,9.13,11,Faulty,6.77
M04633,North,Residential,2025-10-23,29.79,13.34,17,Active,6.15
M04634,South,Commercial,2025-07-28,70.78,35.49,23,Active,8.43
M04635,West,Residential,2025-12-11,42.34,14.54,19,Active,6.12
M04636,West,Commercial,2025-02-10,64.66,38.3,15,Active,8.39
M04637,West,Residential,2025-04-25,23.14,10.63,17,Active,6.28
M04638,South,Industrial,2025-04-10,119.84,35.47,20,Active,10.22
M04639,West,Residential,2025-12-11,44.34,25.21,17,Active,6.55
M04640,West,Commercial,2025-12-15,49.26,21.11,11,Faulty,8.94
M04641,Central,Commercial,2025-05-19,67.42,18.62,29,Active,8.47
M04642,North,Residential,2025-11-12,50.31,36.42,22,Active,6.2
M04643,North,Residential,2025-11-20,26.24,14.05,19,Active,6.31
M04644,Central,Residential,2025-11-30,25.32,12.38,20,Active,6.71
M04645,Central,Residential,2025-10-29,19.54,13.28,6,Active,6.58
M04646,Central,Commercial,2025-10-21,59.66,42.86,16,Active,8.06
M04647,North,Commercial,2025-01-17,61.2,22.04,24,Active,8.27
M04648,West,Residential,2025-11-18,47.58,31.17,16,Active,6.39
M04649,Central,Commercial,2025-10-19,59.72,39.75,15,Active,8.94
M04650,South,Commercial,2025-03-15,56.76,15.73,17,Active,8.95
M04651,Central,Commercial,2025-09-20,61.35,37.18,22,Active,8.91
M04652,East,Residential,2025-01-16,29.92,8.42,18,Faulty,7.06
M04653,Central,Residential,2025-01-14,40.85,22.36,16,Active,7.14
M04654,North,Residential,2025-12-02,27.21,15.91,24,Active,6.09
M04655,Central,Residential,2025-10-08,20.7,8.97,15,Active,6.64
M04656,East,Residential,2025-12-27,37.52,25.9,19,Active,6.19
M04657,South,Residential,2025-01-04,29.36,19.09,15,Active,6.46
M04658,West,Residential,2025-05-07,18.92,13.49,20,Active,6.86
M04659,Central,Commercial,2025-11-08,58.17,23.7,19,Active,8.78
M04660,East,Residential,2025-01-06,36.49,9.52,20,Active,6.17
M04661,East,Residential,2025-05-09,52.28,34.28,24,Active,6.98
M04662,South,Residential,2025-08-20,46.06,16.65,24,Active,7.02
M04663,North,Residential,2025-11-09,44.66,21.6,19,Active,6.18
M04664,Central,Commercial,2025-07-14,51.85,34.15,9,Active,8.8
M04665,East,Residential,2025-03-06,41.34,14.8,12,Active,7.23
M04666,South,Residential,2025-11-17,24.81,10.07,17,Faulty,6.12
M04667,West,Residential,2025-04-13,36.86,17.31,19,Active,6.21
M04668,East,Residential,2025-10-04,25.61,9.88,24,Active,7.0
M04669,South,Residential,2025-06-07,24.83,11.93,15,Active,6.44
M04670,North,Industrial,2025-08-12,93.32,23.78,22,Active,10.74
M04671,North,Residential,2025-10-16,47.41,16.88,19,Active,6.81
M04672,East,Residential,2025-10-05,26.95,17.96,13,Active,6.63
M04673,East,Residential,2025-07-01,31.87,14.56,24,Active,6.44
M04674,Central,Residential,2025-01-04,57.65,32.76,14,Faulty,6.31
M04675,South,Commercial,2025-08-03,56.12,20.55,15,Active,8.85
M04676,East,Commercial,2025-08-05,62.06,35.68,10,Active,8.77
M04677,Central,Commercial,2025-07-28,50.66,37.99,15,Active,8.47
M04678,Central,Residential,2025-03-15,33.77,18.49,21,Active,7.19
M04679,East,Residential,2025-08-15,22.52,12.71,19,Active,6.99
M04680,North,Commercial,2025-04-03,55.31,16.91,14,Active,8.34
M04681,South,Industrial,2025-03-06,112.51,50.82,18,Active,10.73
M04682,South,Residential,2025-11-17,35.54,24.18,20,Active,6.98
M04683,North,Residential,2025-01-10,20.04,13.37,16,Active,7.17
M04684,East,Residential,2025-10-30,28.39,14.51,18,Active,6.18
M04685,South,Residential,2025-11-18,32.9,23.09,22,Active,6.04
M04686,East,Residential,2025-11-01,37.72,12.13,17,Active,6.64
M04687,East,Residential,2025-10-05,18.74,10.85,19,Faulty,6.58
M04688,Central,Commercial,2025-03-27,46.89,17.56,17,Active,9.13
M04689,North,Residential,2025-01-26,35.22,20.17,26,Active,6.22
M04690,East,Residential,2025-08-06,34.34,10.09,17,Active,6.03
M04691,West,Residential,2025-04-05,34.94,25.22,14,Active,6.69
M04692,North,Commercial,2025-09-01,48.54,31.22,11,Faulty,8.23
M04693,South,Residential,2025-04-17,31.35,10.99,15,Active,6.06
M04694,Central,Commercial,2025-09-05,55.1,31.33,18,Active,8.03
M04695,South,Residential,2025-01-14,35.89,22.6,16,Active,6.19
M04696,South,Commercial,2025-06-10,50.61,17.95,20,Active,8.49
M04697,North,Residential,2025-03-12,35.28,10.47,25,Active,7.15
M04698,South,Residential,2025-06-01,29.21,12.44,14,Active,6.99
M04699,East,Residential,2025-03-16,29.42,9.35,25,Active,6.69
M04700,South,Residential,2025-08-03,28.31,15.09,28,Active,6.56
M04701,Central,Residential,2025-02-20,29.29,13.53,21,Active,6.59
M04702,Central,Commercial,2025-05-23,63.4,30.51,22,Active,9.15
M04703,West,Residential,2025-02-05,36.14,18.84,16,Active,6.94
M04704,Central,Residential,2025-06-16,22.69,16.81,17,Faulty,6.22
M04705,South,Residential,2025-08-24,62.33,40.28,25,Active,7.22
M04706,Central,Commercial,2025-09-17,54.75,30.92,17,Active,9.0
M04707,North,Industrial,2025-07-11,127.3,54.97,19,Active,9.54
M04708,Central,Commercial,2025-07-21,66.62,17.56,14,Faulty,8.65
M04709,East,Residential,2025-09-19,20.5,6.32,15,Active,6.85
M04710,North,Commercial,2025-07-04,86.48,53.22,23,Active,8.08
M04711,West,Industrial,2025-06-07,116.34,50.56,20,Active,9.96
M04712,East,Commercial,2025-09-03,56.69,23.65,21,Active,8.84
M04713,South,Residential,2025-04-20,38.8,26.95,16,Active,7.06
M04714,South,Residential,2025-04-09,22.7,11.17,11,Faulty,7.27
M04715,South,Residential,2025-08-29,25.8,18.05,22,Active,6.16
M04716,East,Residential,2025-07-21,28.26,19.59,25,Faulty,6.82
M04717,East,Commercial,2025-05-02,59.07,17.14,18,Active,9.16
M04718,East,Residential,2025-04-27,23.82,17.21,21,Active,6.93
M04719,North,Residential,2025-04-06,39.47,11.39,22,Active,6.82
M04720,North,Commercial,2025-08-22,47.73,34.93,17,Faulty,8.28
M04721,South,Commercial,2025-03-08,61.26,29.18,16,Active,9.06
M04722,Central,Residential,2025-08-06,39.4,24.84,15,Active,6.73
M04723,South,Commercial,2025-01-15,100.4,60.55,13,Active,8.14
M04724,West,Residential,2025-09-30,36.68,18.68,8,Active,7.22
M04725,North,Industrial,2025-08-07,96.33,53.92,23,Active,10.78
M04726,East,Commercial,2025-10-01,54.1,39.22,5,Active,8.7
M04727,North,Residential,2025-05-27,28.02,20.0,24,Faulty,7.01
M04728,East,Commercial,2025-11-28,77.66,44.82,17,Active,8.76
M04729,West,Industrial,2025-12-10,115.82,67.04,21,Faulty,10.05
M04730,West,Residential,2025-06-01,63.38,23.67,12,Active,6.53
M04731,North,Residential,2025-12-13,38.38,25.5,15,Active,7.25
M04732,East,Commercial,2025-10-31,74.26,42.05,13,Active,8.48
M04733,West,Residential,2025-01-15,21.34,14.15,20,Active,6.64
M04734,South,Residential,2025-12-20,30.65,17.74,14,Active,6.32
M04735,South,Industrial,2025-03-25,126.49,50.55,9,Active,9.83
M04736,East,Commercial,2025-07-11,64.06,22.08,13,Active,8.46
M04737,North,Residential,2025-02-10,43.73,12.62,18,Active,7.2
M04738,West,Residential,2025-12-18,24.87,13.5,20,Active,6.52
M04739,North,Residential,2025-11-20,41.67,16.34,14,Active,6.72
M04740,South,Residential,2025-09-18,34.36,19.42,20,Active,6.71
M04741,West,Residential,2025-11-05,25.15,7.03,9,Active,6.76
M04742,North,Commercial,2025-05-16,59.65,26.12,26,Active,9.07
M04743,Central,Residential,2025-10-05,46.71,17.76,19,Active,7.17
M04744,East,Residential,2025-04-16,22.96,9.99,16,Active,6.27
M04745,East,Residential,2025-01-07,34.78,9.64,18,Active,7.12
M04746,Central,Industrial,2025-10-29,124.9,76.45,18,Active,10.21
M04747,South,Residential,2025-01-30,35.84,11.05,15,Active,7.2
M04748,West,Residential,2025-05-06,39.28,10.1,17,Active,7.19
M04749,East,Residential,2025-12-23,39.77,28.76,24,Active,6.51
M04750,Central,Commercial,2025-03-20,45.96,15.92,14,Active,8.85
M04751,Central,Commercial,2025-03-08,64.44,42.79,22,Active,9.13
M04752,South,Residential,2025-01-23,59.27,43.4,20,Active,6.5
M04753,South,Residential,2025-07-08,39.07,20.2,8,Active,6.06
M04754,North,Residential,2025-03-15,28.67,14.71,16,Active,6.47
M04755,East,Residential,2025-01-05,22.9,9.93,22,Active,6.48
M04756,North,Residential,2025-03-23,33.79,15.64,22,Active,7.05
M04757,Central,Residential,2025-01-25,35.89,17.62,22,Active,6.4
M04758,West,Residential,2025-09-21,19.59,6.39,12,Faulty,7.16
M04759,West,Residential,2025-01-02,31.16,13.47,16,Active,6.71
M04760,South,Residential,2025-10-05,42.44,27.93,22,Active,6.76
M04761,West,Commercial,2025-11-24,93.36,31.85,17,Active,9.05
M04762,West,Residential,2025-12-09,35.89,22.07,16,Active,6.17
M04763,West,Residential,2025-08-12,49.09,28.27,19,Active,6.02
M04764,Central,Residential,2025-03-13,25.61,7.14,22,Active,6.07
M04765,West,Industrial,2025-03-09,104.44,27.28,24,Active,9.54
M04766,West,Industrial,2025-11-16,96.13,40.98,23,Active,10.41
M04767,West,Residential,2025-04-04,32.32,19.27,16,Active,6.32
M04768,North,Residential,2025-01-19,30.3,12.58,11,Active,7.11
M04769,Central,Residential,2025-05-08,25.75,15.03,26,Active,7.15
M04770,South,Residential,2025-12-09,36.51,21.28,15,Active,6.46
M04771,North,Residential,2025-03-23,27.04,17.66,15,Active,6.25
M04772,East,Commercial,2025-09-11,86.4,25.9,13,Active,8.65
M04773,Central,Residential,2025-08-09,31.49,16.96,14,Active,7.06
M04774,Central,Industrial,2025-12-09,113.6,31.95,21,Active,10.39
M04775,East,Residential,2025-04-07,34.59,11.69,15,Active,6.03
M04776,East,Commercial,2025-02-21,49.67,20.5,13,Active,8.01
M04777,East,Commercial,2025-06-24,48.1,29.04,16,Active,8.15
M04778,South,Residential,2025-12-04,42.05,30.99,21,Active,6.44
M04779,West,Residential,2025-07-01,54.46,22.94,22,Active,6.7
M04780,Central,Residential,2025-12-19,34.16,17.44,13,Active,7.06
M04781,West,Residential,2025-04-25,33.33,12.65,19,Faulty,6.19
M04782,West,Residential,2025-12-14,37.59,22.09,16,Active,6.2
M04783,East,Commercial,2025-01-01,55.96,24.25,20,Active,9.12
M04784,South,Residential,2025-03-04,60.31,29.6,13,Active,7.2
M04785,North,Industrial,2025-09-05,102.7,54.83,21,Active,10.22
M04786,South,Residential,2025-08-19,37.87,22.46,17,Active,7.02
M04787,West,Industrial,2025-08-14,101.18,28.33,25,Active,9.95
M04788,South,Residential,2025-01-19,49.56,26.14,15,Active,7.23
M04789,East,Commercial,2025-01-31,51.19,23.83,14,Active,9.18
M04790,North,Residential,2025-11-29,20.76,6.58,19,Active,7.1
M04791,East,Residential,2025-05-01,25.46,9.01,13,Active,6.02
M04792,North,Industrial,2025-01-24,132.49,91.68,13,Active,10.18
M04793,West,Residential,2025-11-21,31.08,21.32,21,Active,6.03
M04794,North,Commercial,2025-07-30,54.89,14.64,20,Active,8.88
M04795,North,Commercial,2025-06-10,80.3,47.75,17,Active,8.24
M04796,North,Residential,2025-09-12,39.92,21.04,18,Active,6.83
M04797,South,Residential,2025-02-28,41.35,29.77,26,Active,6.13
M04798,South,Commercial,2025-04-24,56.97,40.11,15,Faulty,8.98
M04799,West,Residential,2025-06-09,21.06,11.37,13,Active,6.94
M04800,North,Commercial,2025-08-08,53.82,17.19,18,Active,8.01
M04801,Central,Industrial,2025-12-23,95.27,45.72,18,Active,10.53
M04802,West,Residential,2025-06-18,56.85,34.83,17,Active,6.21
M04803,North,Residential,2025-01-12,24.95,18.11,18,Active,6.14
M04804,North,Commercial,2025-08-30,54.04,23.34,24,Active,8.65
M04805,South,Residential,2025-05-19,28.98,18.61,12,Active,6.77
M04806,West,Residential,2025-04-07,31.58,18.68,15,Active,6.13
M04807,North,Residential,2025-05-27,48.1,13.91,17,Active,6.4
M04808,North,Residential,2025-07-01,41.6,22.01,18,Active,6.53
M04809,West,Residential,2025-02-26,29.83,10.19,20,Active,7.23
M04810,Central,Residential,2025-02-11,50.63,29.96,14,Active,6.33
M04811,West,Commercial,2025-12-20,66.77,37.06,11,Active,8.34
M04812,West,Residential,2025-07-18,36.25,26.7,24,Faulty,6.86
M04813,Central,Residential,2025-01-31,28.66,20.57,20,Active,6.95
M04814,West,Industrial,2025-06-29,131.39,33.46,16,Active,9.51
M04815,North,Commercial,2025-01-02,58.45,16.95,13,Active,8.17
M04816,West,Commercial,2025-10-15,54.82,34.79,15,Active,8.46
M04817,Central,Residential,2025-05-18,45.05,26.71,16,Active,6.82
M04818,East,Commercial,2025-04-15,54.6,35.52,15,Active,8.17
M04819,West,Residential,2025-08-06,72.4,27.76,13,Active,6.46
M04820,South,Residential,2025-08-10,40.92,27.61,22,Active,6.1
M04821,North,Residential,2025-11-27,29.02,13.67,27,Active,6.74
M04822,North,Residential,2025-04-15,56.5,21.52,17,Active,6.55
M04823,South,Commercial,2025-05-07,56.66,14.47,13,Active,9.02
M04824,South,Residential,2025-09-22,42.2,28.94,21,Active,6.75
M04825,West,Commercial,2025-07-19,51.56,26.69,19,Active,8.86
M04826,South,Commercial,2025-09-09,83.26,61.42,9,Active,8.87
M04827,East,Commercial,2025-01-15,49.81,30.25,29,Active,8.77
M04828,Central,Residential,2025-08-14,39.83,11.56,23,Active,6.02
M04829,South,Commercial,2025-12-19,97.33,52.96,19,Active,9.08
M04830,South,Residential,2025-04-15,37.41,9.67,13,Active,7.19
M04831,East,Residential,2025-08-21,31.08,16.44,28,Active,6.69
M04832,North,Industrial,2025-11-15,110.05,46.78,16,Active,9.65
M04833,North,Residential,2025-08-07,72.21,41.28,14,Active,6.85
M04834,West,Residential,2025-10-04,40.7,21.2,20,Active,6.47
M04835,East,Industrial,2025-09-18,104.02,39.6,19,Active,9.6
M04836,Central,Residential,2025-12-07,65.53,21.7,9,Active,7.11
M04837,Central,Commercial,2025-12-02,54.73,24.76,18,Faulty,8.93
M04838,East,Residential,2025-07-09,34.69,25.79,14,Faulty,7.05
M04839,Central,Residential,2025-07-17,26.66,12.47,15,Active,7.03
M04840,North,Residential,2025-12-19,49.6,30.97,16,Active,6.46
M04841,Central,Residential,2025-10-04,41.59,11.58,13,Active,6.63
M04842,Central,Residential,2025-12-02,26.96,11.85,20,Faulty,6.3
M04843,East,Commercial,2025-02-08,51.8,27.98,18,Active,8.98
M04844,East,Residential,2025-06-11,49.69,31.09,19,Active,6.68
M04845,Central,Industrial,2025-05-01,100.12,51.48,14,Active,10.35
M04846,South,Residential,2025-09-19,20.46,10.39,20,Active,6.46
M04847,East,Residential,2025-08-04,42.17,26.65,18,Active,6.88
M04848,West,Commercial,2025-11-08,68.48,27.85,20,Active,8.87
M04849,West,Industrial,2025-02-18,106.34,31.4,28,Active,10.5
M04850,North,Residential,2025-04-02,46.15,19.55,23,Active,6.2
M04851,Central,Commercial,2025-05-09,65.2,21.48,26,Active,8.81
M04852,South,Industrial,2025-11-17,119.2,87.37,23,Active,10.64
M04853,North,Residential,2025-01-28,36.46,19.64,14,Active,6.12
M04854,Central,Industrial,2025-12-22,94.45,44.7,24,Active,10.75
M04855,East,Residential,2025-05-28,26.29,18.56,18,Active,6.27
M04856,West,Commercial,2025-11-24,59.94,41.97,13,Active,9.22
M04857,South,Industrial,2025-03-06,105.18,48.16,21,Faulty,10.63
M04858,West,Commercial,2025-08-06,55.52,38.16,15,Active,9.0
M04859,East,Residential,2025-02-20,25.72,7.25,23,Faulty,6.27
M04860,Central,Residential,2025-11-01,20.56,14.25,21,Active,6.28
M04861,East,Industrial,2025-03-15,109.88,44.53,17,Active,9.84
M04862,East,Residential,2025-07-18,36.68,19.53,23,Active,7.05
M04863,West,Residential,2025-07-11,30.1,11.58,18,Active,6.24
M04864,South,Commercial,2025-07-08,57.14,42.42,18,Active,8.76
M04865,East,Residential,2025-01-12,57.11,16.33,8,Active,7.01
M04866,West,Residential,2025-08-27,27.33,12.94,28,Active,6.6
M04867,South,Residential,2025-12-26,27.78,15.57,23,Active,7.09
M04868,Central,Residential,2025-03-22,60.66,33.84,15,Active,6.73
M04869,Central,Commercial,2025-09-27,58.0,35.92,19,Active,8.77
M04870,North,Commercial,2025-10-17,64.4,39.43,23,Active,8.88
M04871,West,Residential,2025-02-17,30.3,19.59,27,Active,7.1
M04872,South,Commercial,2025-11-13,69.34,25.46,16,Faulty,8.01
M04873,East,Industrial,2025-07-28,103.99,45.26,23,Active,10.01
M04874,Central,Commercial,2025-02-04,99.49,43.88,18,Active,9.25
M04875,South,Residential,2025-04-29,50.93,37.07,22,Active,6.13
M04876,West,Commercial,2025-03-06,61.48,27.95,27,Active,8.3
M04877,North,Residential,2025-11-11,28.21,10.18,13,Active,6.74
M04878,Central,Commercial,2025-08-30,57.06,32.31,15,Active,9.12
M04879,South,Commercial,2025-02-05,60.56,28.08,21,Active,8.13
M04880,South,Residential,2025-09-09,48.19,18.07,11,Active,6.01
M04881,South,Industrial,2025-08-31,107.11,65.08,14,Faulty,10.39
M04882,West,Residential,2025-02-11,28.98,10.03,20,Active,6.78
M04883,West,Commercial,2025-03-10,63.49,35.98,14,Active,8.35
M04884,West,Residential,2025-04-17,39.08,18.18,16,Active,7.24
M04885,East,Industrial,2025-02-08,98.58,40.38,15,Active,10.23
M04886,South,Residential,2025-03-10,38.47,27.81,16,Active,6.86
M04887,Central,Residential,2025-06-29,35.35,14.57,18,Active,6.49
M04888,West,Residential,2025-01-12,60.65,25.7,16,Active,7.2
M04889,West,Residential,2025-12-05,24.96,17.11,13,Active,6.36
M04890,South,Residential,2025-07-23,43.48,13.68,14,Active,6.97
M04891,West,Commercial,2025-02-05,58.63,17.83,20,Active,8.15
M04892,East,Residential,2025-05-06,44.03,17.23,20,Active,6.7
M04893,East,Residential,2025-03-04,34.76,18.97,12,Active,6.75
M04894,West,Residential,2025-11-28,53.38,23.6,13,Active,6.24
M04895,South,Commercial,2025-03-23,53.64,29.73,18,Active,8.42
M04896,South,Commercial,2025-11-03,71.05,23.44,20,Active,8.23
M04897,South,Commercial,2025-10-26,79.65,30.32,11,Active,9.1
M04898,North,Commercial,2025-02-03,85.46,45.51,17,Active,8.85
M04899,West,Residential,2025-08-28,67.93,24.36,20,Active,6.58
M04900,South,Residential,2025-04-07,43.76,20.19,25,Active,6.72
M04901,East,Residential,2025-02-18,43.3,23.22,21,Active,6.45
M04902,Central,Commercial,2025-05-26,48.53,35.76,17,Active,8.56
M04903,Central,Industrial,2025-05-05,93.58,27.13,21,Active,10.31
M04904,South,Residential,2025-07-08,49.53,23.78,22,Active,6.27
M04905,Central,Residential,2025-02-26,21.84,9.79,15,Active,6.17
M04906,Central,Residential,2025-12-15,90.56,59.96,18,Active,7.23
M04907,North,Residential,2025-04-19,39.85,27.9,25,Active,6.31
M04908,East,Commercial,2025-01-05,50.55,35.56,12,Active,8.64
M04909,East,Residential,2025-01-24,31.95,13.98,19,Faulty,6.99
M04910,North,Industrial,2025-08-09,104.22,41.93,25,Active,10.22
M04911,North,Residential,2025-11-11,39.4,18.7,13,Active,6.83
M04912,Central,Industrial,2025-10-21,114.34,48.25,11,Active,9.71
M04913,West,Commercial,2025-01-10,81.86,49.89,24,Active,8.51
M04914,Central,Commercial,2025-06-14,50.63,18.06,15,Active,8.9
M04915,North,Commercial,2025-08-03,57.53,33.33,15,Active,8.27
M04916,East,Commercial,2025-05-06,51.09,36.45,12,Active,8.63
M04917,Central,Commercial,2025-09-24,60.21,23.48,17,Active,8.77
M04918,West,Commercial,2025-10-07,58.06,34.17,13,Faulty,9.03
M04919,Central,Commercial,2025-03-29,51.58,16.6,22,Faulty,8.28
M04920,South,Industrial,2025-04-24,95.31,29.61,15,Active,10.77
M04921,Central,Commercial,2025-01-21,102.51,31.55,21,Active,9.26
M04922,North,Commercial,2025-05-28,64.04,20.45,21,Active,8.02
M04923,East,Industrial,2025-09-02,100.24,35.89,11,Active,9.98
M04924,East,Residential,2025-09-23,25.05,13.31,23,Active,6.09
M04925,North,Residential,2025-08-05,60.91,38.59,28,Active,6.41
M04926,South,Residential,2025-08-28,28.64,8.98,24,Faulty,6.79
M04927,North,Residential,2025-08-20,48.98,33.55,19,Active,6.79
M04928,Central,Commercial,2025-08-20,66.9,44.91,12,Active,8.13
M04929,North,Residential,2025-08-30,33.35,20.47,17,Active,6.88
M04930,North,Commercial,2025-07-09,50.92,23.58,19,Active,9.1
M04931,South,Residential,2025-08-17,26.67,6.69,12,Active,6.82
M04932,Central,Residential,2025-03-07,88.51,54.64,21,Active,6.4
M04933,West,Commercial,2025-10-06,61.43,42.36,15,Active,8.0
M04934,West,Commercial,2025-09-26,70.83,29.58,20,Active,8.84
M04935,East,Residential,2025-07-28,34.53,21.03,16,Active,6.88
M04936,North,Commercial,2025-01-16,81.86,23.0,13,Active,8.92
M04937,East,Commercial,2025-10-24,53.94,32.62,23,Active,8.05
M04938,South,Residential,2025-08-08,31.3,8.89,17,Active,6.67
M04939,West,Residential,2025-09-14,30.48,16.57,25,Active,6.54
M04940,North,Industrial,2025-09-25,111.59,61.24,17,Active,10.5
M04941,South,Residential,2025-08-17,63.16,25.33,24,Active,6.94
M04942,South,Residential,2025-04-29,28.19,8.16,13,Active,7.24
M04943,North,Residential,2025-06-27,36.34,26.33,22,Active,7.17
M04944,South,Commercial,2025-01-20,78.74,40.77,20,Active,8.73
M04945,North,Commercial,2025-02-05,53.75,29.02,21,Active,9.27
M04946,North,Commercial,2025-12-01,79.38,44.26,20,Active,8.2
M04947,Central,Residential,2025-04-18,45.23,31.46,19,Active,6.01
M04948,East,Industrial,2025-07-08,95.23,26.68,13,Active,9.64
M04949,South,Residential,2025-06-27,31.14,21.69,18,Active,6.46
M04950,South,Residential,2025-04-06,31.11,11.51,25,Active,6.98
M04951,Central,Residential,2025-11-11,31.48,9.1,18,Active,6.5
M04952,Central,Residential,2025-01-20,25.91,14.99,19,Active,7.01
M04953,Central,Industrial,2025-06-13,101.07,74.64,15,Active,10.47
M04954,West,Industrial,2025-04-07,108.99,30.37,24,Active,10.53
M04955,West,Residential,2025-05-23,79.15,36.65,18,Active,6.24
M04956,West,Industrial,2025-03-03,112.83,58.1,21,Active,10.17
M04957,North,Commercial,2025-08-30,84.06,31.61,18,Active,8.93
M04958,South,Industrial,2025-08-26,112.48,83.4,21,Active,9.87
M04959,East,Residential,2025-05-11,27.47,15.67,18,Faulty,7.09
M04960,North,Commercial,2025-04-03,80.1,53.84,21,Active,9.01
M04961,South,Residential,2025-04-01,39.42,18.05,22,Active,6.16
M04962,South,Commercial,2025-05-13,81.26,34.7,19,Active,8.28
M04963,Central,Residential,2025-05-03,28.89,15.21,10,Active,6.31
M04964,Central,Commercial,2025-12-08,52.64,24.62,18,Active,9.14
M04965,North,Residential,2025-04-28,35.66,21.66,17,Active,6.24
M04966,Central,Residential,2025-07-17,47.68,18.26,20,Active,6.81
M04967,South,Commercial,2025-10-09,52.35,24.86,26,Active,8.08
M04968,Central,Industrial,2025-01-01,98.21,68.51,24,Active,10.22
M04969,West,Commercial,2025-07-30,85.27,53.55,19,Faulty,8.18
M04970,Central,Industrial,2025-09-20,98.3,32.84,18,Active,10.25
M04971,South,Residential,2025-11-28,25.72,17.84,20,Faulty,6.48
M04972,North,Residential,2025-07-31,40.82,22.23,22,Active,6.79
M04973,East,Residential,2025-03-28,29.11,17.16,19,Active,6.51
M04974,Central,Residential,2025-06-02,31.02,12.32,17,Active,7.11
M04975,South,Commercial,2025-12-16,61.01,28.72,20,Active,8.98
M04976,East,Commercial,2025-07-06,49.51,32.35,20,Active,9.1
M04977,East,Commercial,2025-03-02,48.72,20.24,18,Active,8.29
M04978,West,Commercial,2025-10-12,65.67,21.84,16,Active,8.19
M04979,East,Commercial,2025-04-05,55.13,24.21,11,Active,8.72
M04980,South,Residential,2025-10-01,49.76,14.16,21,Faulty,7.13
M04981,South,Residential,2025-02-10,34.62,21.08,30,Active,6.14
M04982,Central,Commercial,2025-05-27,54.13,17.53,16,Active,8.3
M04983,Central,Residential,2025-09-03,63.64,24.98,26,Active,6.97
M04984,Central,Residential,2025-05-12,28.84,19.92,19,Active,6.6
M04985,East,Residential,2025-10-24,28.7,14.93,18,Active,6.78
M04986,East,Commercial,2025-05-03,49.97,20.52,12,Active,8.77
M04987,West,Residential,2025-05-23,27.71,14.52,20,Active,6.54
M04988,Central,Commercial,2025-07-01,59.28,21.29,17,Active,8.92
M04989,North,Commercial,2025-07-11,49.68,13.05,23,Active,9.11
M04990,West,Residential,2025-07-26,25.97,14.33,23,Active,7.18
M04991,North,Commercial,2025-08-19,81.54,49.5,15,Active,8.06
M04992,East,Commercial,2025-01-22,52.86,36.47,27,Active,8.72
M04993,West,Commercial,2025-03-21,55.77,35.47,16,Active,8.05
M04994,West,Commercial,2025-05-10,65.99,47.07,13,Active,9.17
M04995,South,Residential,2025-10-19,40.32,29.96,18,Active,6.56
M04996,East,Commercial,2025-10-03,56.71,35.3,23,Faulty,9.17
M04997,East,Residential,2025-11-19,48.37,33.08,22,Faulty,6.24
M04998,West,Industrial,2025-02-24,122.24,71.74,17,Active,9.71
M04999,East,Commercial,2025-03-07,54.2,18.18,18,Active,9.18
M05000,West,Commercial,2025-08-15,51.2,17.45,19,Active,9.22
